Workbook

Sheet update
A1: UPDATE TIME | B1: UPDATE | C1: 更新内容
A2: 44834 | C2: 基于北斗整理大货与散件清单给LMR
A3: 44858 | C3: 北斗国家为FR的大货不全，重新结合GOMS补充清单
A4: 44918 | C4: S7 PRO的适配器
A5: 44979 | C5: 增加S7 Premium，DE线下型号，清单同S7 PRO
C6: 增加iFloor 2 Plus，DE/FR线下型号，清单同iFloor 2
C7: 增加iFloor Breeze Essentials，DE线下型号，清单同iFloor Breeze
C8: 增加S5、S5 Pro 2降本版
C9: 增加近期新搭散件，会陆续到货
A10: 45007 | C10: 增加PURE ONE Air、PURE ONE AIR PET & PRO
A11: 45043 | C11: 增加回收桶盖组件，适用于S7系列
C12: 增加S6
A13: 45086 | C13: 增加2011地刷电机（和I3S3通用）
C14: 增加hepa滚刷套装的彩盒版，适用于S7系列
C15: 增加地毯机的滚刷盖清理附件
C16: 增加iFloor 2的回收桶，重新搭了一个SKU
A17: 45089 | C17: 更新S6清单：hepa、滚刷、滚刷电机、蠕动泵
A18: 45141 | C18: 更新CL1879P-01，S3 Breeze的电机
A19: 45156 | C19: 增加S6清单：小轮、附件支架组合、地刷主控板
A20: 45161 | C20: 增加新品S7 Steam清单
A21: 45173 | C21: 增加PURE ONE STATION PET、S7 Steam Plus清单
A22: 45175 | C22: 增加S7 Combo散件清单
A23: 45188 | C23: 增加S5 Pro清单
A24: 45210 | C24: 增加S6 Pet清单
A25: 45225 | C25: 增加S5系列机身信号组件（带pin针的机身导电散件）
C26: 增加欧版S11降本款（大货SKU不变）散件：主机、电池、尘桶
C27: 增加地毯机降本款（大货SKU不变）散件：显示屏、PCBA
A28: 45351 | C28: 增加CL2371 S5标准化清单：CL2371A-01、CL2371A-02
A29: 45363 | C29: 增加CL2316 Switch S6清单：CL2316G-01、CL2316G-02
A30: 45365 | C30: 增加CL2331 S6标准化清单：CL2331I-01、CL2331K-02
C31: 增加CL2347 iFloor 5系列清单：CL2347C-01、CL2347C-02、CL2347B-01
C32: 增加CL2335 S7 Pro标准化清单：CL2335E-01、CL2335G-01
C33: 增加CL2220 Switch S7清单：CL2220H-01
A34: 45372 | C34: 增加CL2041 Ifloor 2系列改型清单：CL2041B-03、CL2041B-04
C35: 增加CL2328 Stretch S6清单：CL2328C-01
C36: 增加CL2020 S5 COMBO系列的机身充电装配组件：9FWRI150300，1月下单，预计6月初到PST&LMR
C37: 增加CL2011系列的机身充电导线组件：9FWRI040000，3月下单，预计7月到PST&LMR
C38: 增加CL2123系列的机体上装饰盖+机体后盖（9FWRH200300+9FWRH200400），3月下单，预计7月到PST&LMR
A39: 45410 | C39: 增加CL2335E-01 S7 Pro标准化的适配器
A40: 45433 | C40: 增加S5标准化/S6标准化回收桶上盖组件9FWRH130100
C41: 增加ZB2342E-01 A30S散件清单
C42: 增加S3改善款散件，及其他机器散件清单
A43: 45481 | C43: 给Motor增加备注列
A44: 45495 | C44: 增加新品Station 5、iFloor 5 Steam清单
A45: 45524 | B45: Add a comparison list for the ifloor5 steam(CL2029). | C45: 根据PST需增加新SKU，补充对应大货ifloor5 steam(CL2029)散件关系: SW010600UK、SW010400DE、 SW010200US、SW010100US、SW010800SA
A46: 45525 | B46: Add the substitution relationship between the new version TANK and the old version TANK for the S5 | C46: 增加S5大货FW130300DE的对应旧桶 9FWWD100000； 增加新桶的对应S5大货FW101700DE FW100200EU FW103400EU FW103600EU FW110700DE.
A47: 45527 | B47: Add the handle 9FWUH400000 for the Floor One Stretch S6 FW401200DE. | C47: 增加Floor One Stretch S6 FW401200DE 的手柄9FWUH400000
A48: 45593 | B48: 1、Add a note 'new structure' to the improved version of S3(CL1879). 2、Add a comparison list for the new machine ICarpet(CL2043). | C48: 1、给S3改善版增加new structure 备注； 2、增加新品清洗机CL2043对照清单；
A49: 45618 | B49: 1.Add new DWT to S5/S6/S7 series with note "new version". | C49: 1、补充S5的2019--2371回收桶升级迭代，大货散件关系； 2、添加"new version" 备注给迭代新版桶；
A50: 45623 | B50: 1.Add a comparison list for the new machine A50/A50 PLUS(ZB2368). | C50: 1、增加新品吸尘器A50\A50 PLUS（ZB2368）对照清单
A51: 45644 | B51: 1.correct the SKU of adapter of A50 and A50PLUS(VS201400DE,VS200500DE) | C51: 1、A50、A50PLUS的欧版适配器SKU有误，已修改
A52: 45646 | C52: 1、补充IFLOOR 5 STEAM的holder散件。
A53: 45768 | B53: Add new machine: CL2321B-01 Carpet One Cruiser CL2328R-01 Floor One S5 Stretch Extreme CL2328T-01 Floor One S6 Stretch Lite CL2343M-01 Floor One S9 Artist CL2343M-03 Floor One S9 Artist Premium CL2348F-01 FLOOR ONE SWITCH S6 STRETCH CL2348F-04 FLOOR ONE SWITCH S6 STRETCH PLUS CL2376P-01 FLOOR ONE S7 STRETCH ULTRA CL2376P-02 Floor One S7 Stretch CL2378B-01 iFloor Y2 CL2378B-02 iFloor Y2 Plus CL2415A-01 iCarpet Spot CL2453-01 iFloor 5 Breeze CL2453-02 iFloor 5 Breeze Complete CL2457-01 FLOOR ONE S6 FLASHDRY PET CL2458A-01 FLOOR ONE STRETCH S6 CL2458A-02 Floor One S6 Stretch Extreme ZB2342E-05 A30S PLUS | C53: 新增25年新机型： CL2321B-01 Carpet One Cruiser CL2328R-01 Floor One S5 Stretch Extreme CL2328T-01 Floor One S6 Stretch Lite CL2343M-01 Floor One S9 Artist CL2343M-03 Floor One S9 Artist Premium CL2348F-01 FLOOR ONE SWITCH S6 STRETCH CL2348F-04 FLOOR ONE SWITCH S6 STRETCH PLUS CL2376P-01 FLOOR ONE S7 STRETCH ULTRA CL2376P-02 Floor One S7 Stretch CL2378B-01 iFloor Y2 CL2378B-02 iFloor Y2 Plus CL2415A-01 iCarpet Spot CL2453-01 iFloor 5 Breeze CL2453-02 iFloor 5 Breeze Complete CL2457-01 FLOOR ONE S6 FLASHDRY PET CL2458A-01 FLOOR ONE STRETCH S6 CL2458A-02 Floor One S6 Stretch Extreme ZB2342E-05 A30S PLUS
A58: 45831 | B58: Add new sku: brush motor for S6 | C58: 1、补充S6机型漏缺的地刷电机；
A59: 45884 | B59: Add new machine: VS220300DE PURE ONE S50 PRO VS230300DE PURE ONE S70 VS220500DE PURE ONE S50 PRO FW430300DE Floor One i6 Stretch VS210700DE PURE ONE S50 FW440300DE FLOOR ONE i5 STRETCH FW431100DE Floor one i6 stretch complete FW351800DE FLOOR ONE SWITCH S7 STRETCH PREMIUM FW2D0100DE Floor One S7 Artist FW2D0200DE Floor One S7 Artist Premium FW430400DE Floor One i6 Stretch Plus SW130200DE Floor one S7 stretch steam plus VA200500DE PURE ONE S30 FW440400DE FLOOR ONE i5 STRETCH PLUS SW130100DE Floor one S7 stretch steam FW351900DE FLOOR ONE SWITCH S7 STRETCH FW413400DE Floor one S6 Stretch Lite complete VA210100DE PURE ONE S30 Pro FW062000DE Floor one S7 stretch complete FW441100DE Floor one i5 stretch complete | C59: 新增25年新机型: VS220300DE PURE ONE S50 PRO VS230300DE PURE ONE S70 VS220500DE PURE ONE S50 PRO FW430300DE Floor One i6 Stretch VS210700DE PURE ONE S50 FW440300DE FLOOR ONE i5 STRETCH FW431100DE Floor one i6 stretch complete FW351800DE FLOOR ONE SWITCH S7 STRETCH PREMIUM FW2D0100DE Floor One S7 Artist FW2D0200DE Floor One S7 Artist Premium FW430400DE Floor One i6 Stretch Plus SW130200DE Floor one S7 stretch steam plus VA200500DE PURE ONE S30 FW440400DE FLOOR ONE i5 STRETCH PLUS SW130100DE Floor one S7 stretch steam FW351900DE FLOOR ONE SWITCH S7 STRETCH FW413400DE Floor one S6 Stretch Lite complete VA210100DE PURE ONE S30 Pro FW062000DE Floor one S7 stretch complete FW441100DE Floor one i5 stretch complete
A64: 45940 | B64: Add EAN code colume and refurbished FG list | C64: 新增大货EAN信息列，新增翻新机EAN码
A65: 45979 | B65: Add new machine of Europe: FW450100DE Floor One S9 Master VS250300DE PURE ONE STATION 5 PRO VS230900DE PUR ONE S70 FW370100DE Floor One Switch i5 Stretch FW480100DE Floor One S5 Max | C65: 新增欧洲机型BOM：: FW450100DE Floor One S9 Master VS250300DE PURE ONE STATION 5 PRO VS230900DE PUR ONE S70 FW370100DE Floor One Switch i5 Stretch FW480100DE Floor One S5 Max
A71: 45993 | B71: add weight and seize of the models | C71: 增加大货的箱重量和箱规格信息
A72: 46099 | B72: add new machine of 2446，2482，2581,2539,2570，2560,2459,2428 series. | C72: 更新旧品新增精细化维修散件； 增加新品2446，CL2482，CL2581,CL2539,CL2570，ZB2560,ZB2459,CL2428散件。
A73: 46169 | B73: modify old BOM | C73: 更新2342原配白电池新增散件； 更新2335机型正确转接头新增散件，取消原错误BOM； 更新2335wifi小板新增散件； 更新2467喷水板新增散件； 更新2581小部分新增散件； 更新2446小部分新增散件； 更新2428小部分新增散件；
A74: 46260 | B74: update new models | C74: 更新5月-8月的新品

Sheet EU SP list
A1: 更新时间 UPDATE TIME | B1: FG SKU | C1: 大货FG ID | D1: 系列型号 | E1: 大货国家COUNTRY | F1: 大货销售型号FG NAME | G1: FG EAN CODE | H1: 大货颜色COLOR | I1: 大货状态 | J1: 箱毛重(千克) Gross weight (KG) | K1: 外箱包装尺寸(MM)长/Package MM Length | L1: 外箱包装尺寸(MM)宽/Package MM Width | M1: 外箱包装尺寸(MM)高/Package MM Height | N1: SP SKU | O1: 迭代 Spare part substitute | P1: 散件老 OLD SAP ID | Q1: 散件新SAP ID | R1: SP DES | S1: PICTURE LINK | T1: NOTE | U1: 中文描述DES | V1: SP EAN CODE
A2: 46169 | B2: FW770100DE | C2: =VLOOKUP(B2,'大货清单（不定期按GOMS更新）'!A:H,8,0) -> 109-24281001 | D2: =VLOOKUP(B2,'大货清单（不定期按GOMS更新）'!A:C,3,0) -> CL2428J-01 | E2: =VLOOKUP(B2,'大货清单（不定期按GOMS更新）'!A:H,4,0) -> DE | F2: =VLOOKUP(B2,'大货清单（不定期按GOMS更新）'!A:H,2,0) -> Floor One Station S9 Scientist | G2: =VLOOKUP(B2,'大货清单（不定期按GOMS更新）'!A:I,9,FALSE) -> 6971745581557 | H2: =VLOOKUP(B2,'大货清单（不定期按GOMS更新）'!A:H,7,0) -> Gray | I2: =VLOOKUP(B2,'大货清单（不定期按GOMS更新）'!A:F,6,FALSE) -> GTM | J2: =VLOOKUP(B2,'大货清单（不定期按GOMS更新）'!A:K,11,FALSE) -> 14.3 | K2: =VLOOKUP(B2,'大货清单（不定期按GOMS更新）'!A:N,12,FALSE) -> 785 | L2: =VLOOKUP(B2,'大货清单（不定期按GOMS更新）'!A:M,13,FALSE) -> 386 | M2: =VLOOKUP(B2,'大货清单（不定期按GOMS更新）'!A:N,14,FALSE) -> 367 | N2: 9FWBC510000 | O2: =IFERROR(VLOOKUP(N2,'散件迭代（不定期更新）'!C:J,8,FALSE),0) -> 0 | P2: =IFERROR(VLOOKUP(N2,'散件（更新）'!B:H,3,FALSE),0) | Q2: =VLOOKUP(N2,'散件（更新）'!B:H,2,FALSE) -> 114-24280313 | R2: =VLOOKUP(N2,'散件（更新）'!B:H,7,FALSE) -> Brush Roller Cover | S2: =VLOOKUP(N2,'散件（更新）'!B:E,4,FALSE) -> https://tineco-yxzt.oss-accelerate.aliyuncs.com/20260210/gunshuagaizujian_1770686015747.png | U2: =VLOOKUP(N2,'散件（更新）'!B:G,6,FALSE) -> SP;CL2428C-01;滚刷盖组件 | V2: =VLOOKUP(N2,'散件（更新）'!B:I,8,FALSE) -> 6932485020737
A3: 46169 | B3: FW770100DE | C3: =VLOOKUP(B3,'大货清单（不定期按GOMS更新）'!A:H,8,0) -> 109-24281001 | D3: =VLOOKUP(B3,'大货清单（不定期按GOMS更新）'!A:C,3,0) -> CL2428J-01 | E3: =VLOOKUP(B3,'大货清单（不定期按GOMS更新）'!A:H,4,0) -> DE | F3: =VLOOKUP(B3,'大货清单（不定期按GOMS更新）'!A:H,2,0) -> Floor One Station S9 Scientist | G3: =VLOOKUP(B3,'大货清单（不定期按GOMS更新）'!A:I,9,FALSE) -> 6971745581557 | H3: =VLOOKUP(B3,'大货清单（不定期按GOMS更新）'!A:H,7,0) -> Gray | I3: =VLOOKUP(B3,'大货清单（不定期按GOMS更新）'!A:F,6,FALSE) -> GTM | J3: =VLOOKUP(B3,'大货清单（不定期按GOMS更新）'!A:K,11,FALSE) -> 14.3 | K3: =VLOOKUP(B3,'大货清单（不定期按GOMS更新）'!A:N,12,FALSE) -> 785 | L3: =VLOOKUP(B3,'大货清单（不定期按GOMS更新）'!A:M,13,FALSE) -> 386 | M3: =VLOOKUP(B3,'大货清单（不定期按GOMS更新）'!A:N,14,FALSE) -> 367 | N3: 9FWBR060000 | O3: =IFERROR(VLOOKUP(N3,'散件迭代（不定期更新）'!C:J,8,FALSE),0) -> 0 | P3: =IFERROR(VLOOKUP(N3,'散件（更新）'!B:H,3,FALSE),0) | Q3: =VLOOKUP(N3,'散件（更新）'!B:H,2,FALSE) -> 114-23761801 | R3: =VLOOKUP(N3,'散件（更新）'!B:H,7,FALSE) -> Brush Roller | S3: =VLOOKUP(N3,'散件（更新）'!B:E,4,FALSE) -> https://tineco-yxzt.oss-accelerate.aliyuncs.com/20241219/weixintupian_20241114110949_1734578233397.jpg | U3: =VLOOKUP(N3,'散件（更新）'!B:G,6,FALSE) -> 耐热滚刷组件 | V3: =VLOOKUP(N3,'散件（更新）'!B:I,8,FALSE) -> 6932485002405
A4: 46169 | B4: FW770100DE | C4: =VLOOKUP(B4,'大货清单（不定期按GOMS更新）'!A:H,8,0) -> 109-24281001 | D4: =VLOOKUP(B4,'大货清单（不定期按GOMS更新）'!A:C,3,0) -> CL2428J-01 | E4: =VLOOKUP(B4,'大货清单（不定期按GOMS更新）'!A:H,4,0) -> DE | F4: =VLOOKUP(B4,'大货清单（不定期按GOMS更新）'!A:H,2,0) -> Floor One Station S9 Scientist | G4: =VLOOKUP(B4,'大货清单（不定期按GOMS更新）'!A:I,9,FALSE) -> 6971745581557 | H4: =VLOOKUP(B4,'大货清单（不定期按GOMS更新）'!A:H,7,0) -> Gray | I4: =VLOOKUP(B4,'大货清单（不定期按GOMS更新）'!A:F,6,FALSE) -> GTM | J4: =VLOOKUP(B4,'大货清单（不定期按GOMS更新）'!A:K,11,FALSE) -> 14.3 | K4: =VLOOKUP(B4,'大货清单（不定期按GOMS更新）'!A:N,12,FALSE) -> 785 | L4: =VLOOKUP(B4,'大货清单（不定期按GOMS更新）'!A:M,13,FALSE) -> 386 | M4: =VLOOKUP(B4,'大货清单（不定期按GOMS更新）'!A:N,14,FALSE) -> 367 | N4: 9FWRH4A0000 | O4: =IFERROR(VLOOKUP(N4,'散件迭代（不定期更新）'!C:J,8,FALSE),0) -> 0 | P4: =IFERROR(VLOOKUP(N4,'散件（更新）'!B:H,3,FALSE),0) -> 0 | Q4: =VLOOKUP(N4,'散件（更新）'!B:H,2,FALSE) -> 114-25350310 | R4: =VLOOKUP(N4,'散件（更新）'!B:H,7,FALSE) -> Water Spray Board Assembly | S4: =VLOOKUP(N4,'散件（更新）'!B:E,4,FALSE) -> https://tineco-yxzt.oss-accelerate.aliyuncs.com/20250912/f9161366-0e5d-47c3-addb-11f9dd397021_1757660382417.png | U4: =VLOOKUP(N4,'散件（更新）'!B:G,6,FALSE) -> SP;CL2535C-01;喷水板超声组件 | V4: =VLOOKUP(N4,'散件（更新）'!B:I,8,FALSE) -> 6932485013623
A5: 46169 | B5: FW770100DE | C5: =VLOOKUP(B5,'大货清单（不定期按GOMS更新）'!A:H,8,0) -> 109-24281001 | D5: =VLOOKUP(B5,'大货清单（不定期按GOMS更新）'!A:C,3,0) -> CL2428J-01 | E5: =VLOOKUP(B5,'大货清单（不定期按GOMS更新）'!A:H,4,0) -> DE | F5: =VLOOKUP(B5,'大货清单（不定期按GOMS更新）'!A:H,2,0) -> Floor One Station S9 Scientist | G5: =VLOOKUP(B5,'大货清单（不定期按GOMS更新）'!A:I,9,FALSE) -> 6971745581557 | H5: =VLOOKUP(B5,'大货清单（不定期按GOMS更新）'!A:H,7,0) -> Gray | I5: =VLOOKUP(B5,'大货清单（不定期按GOMS更新）'!A:F,6,FALSE) -> GTM | J5: =VLOOKUP(B5,'大货清单（不定期按GOMS更新）'!A:K,11,FALSE) -> 14.3 | K5: =VLOOKUP(B5,'大货清单（不定期按GOMS更新）'!A:N,12,FALSE) -> 785 | L5: =VLOOKUP(B5,'大货清单（不定期按GOMS更新）'!A:M,13,FALSE) -> 386 | M5: =VLOOKUP(B5,'大货清单（不定期按GOMS更新）'!A:N,14,FALSE) -> 367 | N5: 9FWRH4A0100 | O5: =IFERROR(VLOOKUP(N5,'散件迭代（不定期更新）'!C:J,8,FALSE),0) -> 0 | P5: =IFERROR(VLOOKUP(N5,'散件（更新）'!B:H,3,FALSE),0) -> 0 | Q5: =VLOOKUP(N5,'散件（更新）'!B:H,2,FALSE) -> 114-25350311 | R5: =VLOOKUP(N5,'散件（更新）'!B:H,7,FALSE) -> Brush Roller Assembly Upper Cover + seals | S5: =VLOOKUP(N5,'散件（更新）'!B:E,4,FALSE) -> https://tineco-yxzt.oss-accelerate.aliyuncs.com/20250912/332BFB7995C732A1F3131A70178CB908_1757660473209.png | T5: substitute: new version, same stucture 9FWBC220000 | U5: =VLOOKUP(N5,'散件（更新）'!B:G,6,FALSE) -> SP;CL2535C-01;地刷上盖包胶组件+密封条 | V5: =VLOOKUP(N5,'散件（更新）'!B:I,8,FALSE) -> 6932485013630
A6: 46169 | B6: FW770100DE | C6: =VLOOKUP(B6,'大货清单（不定期按GOMS更新）'!A:H,8,0) -> 109-24281001 | D6: =VLOOKUP(B6,'大货清单（不定期按GOMS更新）'!A:C,3,0) -> CL2428J-01 | E6: =VLOOKUP(B6,'大货清单（不定期按GOMS更新）'!A:H,4,0) -> DE | F6: =VLOOKUP(B6,'大货清单（不定期按GOMS更新）'!A:H,2,0) -> Floor One Station S9 Scientist | G6: =VLOOKUP(B6,'大货清单（不定期按GOMS更新）'!A:I,9,FALSE) -> 6971745581557 | H6: =VLOOKUP(B6,'大货清单（不定期按GOMS更新）'!A:H,7,0) -> Gray | I6: =VLOOKUP(B6,'大货清单（不定期按GOMS更新）'!A:F,6,FALSE) -> GTM | J6: =VLOOKUP(B6,'大货清单（不定期按GOMS更新）'!A:K,11,FALSE) -> 14.3 | K6: =VLOOKUP(B6,'大货清单（不定期按GOMS更新）'!A:N,12,FALSE) -> 785 | L6: =VLOOKUP(B6,'大货清单（不定期按GOMS更新）'!A:M,13,FALSE) -> 386 | M6: =VLOOKUP(B6,'大货清单（不定期按GOMS更新）'!A:N,14,FALSE) -> 367 | N6: 9FWRH4A1000 | O6: =IFERROR(VLOOKUP(N6,'散件迭代（不定期更新）'!C:J,8,FALSE),0) -> 0 | P6: =IFERROR(VLOOKUP(N6,'散件（更新）'!B:H,3,FALSE),0) -> 0 | Q6: =VLOOKUP(N6,'散件（更新）'!B:H,2,FALSE) -> 114-25350331 | R6: =VLOOKUP(N6,'散件（更新）'!B:H,7,FALSE) -> Connector Assembly＋Buckle | S6: =VLOOKUP(N6,'散件（更新）'!B:E,4,FALSE) -> 0 | U6: =VLOOKUP(N6,'散件（更新）'!B:G,6,FALSE) -> SP;CL2535C-02;转接头组件+锁扣 | V6: =VLOOKUP(N6,'散件（更新）'!B:I,8,FALSE) -> 6932485014354
A7: 46169 | B7: FW770100DE | C7: =VLOOKUP(B7,'大货清单（不定期按GOMS更新）'!A:H,8,0) -> 109-24281001 | D7: =VLOOKUP(B7,'大货清单（不定期按GOMS更新）'!A:C,3,0) -> CL2428J-01 | E7: =VLOOKUP(B7,'大货清单（不定期按GOMS更新）'!A:H,4,0) -> DE | F7: =VLOOKUP(B7,'大货清单（不定期按GOMS更新）'!A:H,2,0) -> Floor One Station S9 Scientist | G7: =VLOOKUP(B7,'大货清单（不定期按GOMS更新）'!A:I,9,FALSE) -> 6971745581557 | H7: =VLOOKUP(B7,'大货清单（不定期按GOMS更新）'!A:H,7,0) -> Gray | I7: =VLOOKUP(B7,'大货清单（不定期按GOMS更新）'!A:F,6,FALSE) -> GTM | J7: =VLOOKUP(B7,'大货清单（不定期按GOMS更新）'!A:K,11,FALSE) -> 14.3 | K7: =VLOOKUP(B7,'大货清单（不定期按GOMS更新）'!A:N,12,FALSE) -> 785 | L7: =VLOOKUP(B7,'大货清单（不定期按GOMS更新）'!A:M,13,FALSE) -> 386 | M7: =VLOOKUP(B7,'大货清单（不定期按GOMS更新）'!A:N,14,FALSE) -> 367 | N7: 9FWRH510000 | O7: =IFERROR(VLOOKUP(N7,'散件迭代（不定期更新）'!C:J,8,FALSE),0) -> 0 | P7: =IFERROR(VLOOKUP(N7,'散件（更新）'!B:H,3,FALSE),0) | Q7: =VLOOKUP(N7,'散件（更新）'!B:H,2,FALSE) -> 114-24280300 | R7: =VLOOKUP(N7,'散件（更新）'!B:H,7,FALSE) -> Light Panel Assembly | S7: =VLOOKUP(N7,'散件（更新）'!B:E,4,FALSE) -> https://tineco-yxzt.oss-accelerate.aliyuncs.com/20260209/CL2428zhaomingbanzujian_1770623014213.png | U7: =VLOOKUP(N7,'散件（更新）'!B:G,6,FALSE) -> SP;CL2428C-01;CL2428照明板组件 | V7: =VLOOKUP(N7,'散件（更新）'!B:I,8,FALSE) -> 6932485020607
A8: 46169 | B8: FW770100DE | C8: =VLOOKUP(B8,'大货清单（不定期按GOMS更新）'!A:H,8,0) -> 109-24281001 | D8: =VLOOKUP(B8,'大货清单（不定期按GOMS更新）'!A:C,3,0) -> CL2428J-01 | E8: =VLOOKUP(B8,'大货清单（不定期按GOMS更新）'!A:H,4,0) -> DE | F8: =VLOOKUP(B8,'大货清单（不定期按GOMS更新）'!A:H,2,0) -> Floor One Station S9 Scientist | G8: =VLOOKUP(B8,'大货清单（不定期按GOMS更新）'!A:I,9,FALSE) -> 6971745581557 | H8: =VLOOKUP(B8,'大货清单（不定期按GOMS更新）'!A:H,7,0) -> Gray | I8: =VLOOKUP(B8,'大货清单（不定期按GOMS更新）'!A:F,6,FALSE) -> GTM | J8: =VLOOKUP(B8,'大货清单（不定期按GOMS更新）'!A:K,11,FALSE) -> 14.3 | K8: =VLOOKUP(B8,'大货清单（不定期按GOMS更新）'!A:N,12,FALSE) -> 785 | L8: =VLOOKUP(B8,'大货清单（不定期按GOMS更新）'!A:M,13,FALSE) -> 386 | M8: =VLOOKUP(B8,'大货清单（不定期按GOMS更新）'!A:N,14,FALSE) -> 367 | N8: 9FWRH510300 | O8: =IFERROR(VLOOKUP(N8,'散件迭代（不定期更新）'!C:J,8,FALSE),0) -> 0 | P8: =IFERROR(VLOOKUP(N8,'散件（更新）'!B:H,3,FALSE),0) | Q8: =VLOOKUP(N8,'散件（更新）'!B:H,2,FALSE) -> 114-24280309 | R8: =VLOOKUP(N8,'散件（更新）'!B:H,7,FALSE) -> Right Decorative Cover | S8: =VLOOKUP(N8,'散件（更新）'!B:E,4,FALSE) -> https://tineco-yxzt.oss-accelerate.aliyuncs.com/20260210/jishenyouzhuangshigai_1770685846886.png | U8: =VLOOKUP(N8,'散件（更新）'!B:G,6,FALSE) -> SP;CL2428C-01;机身右装饰盖 | V8: =VLOOKUP(N8,'散件（更新）'!B:I,8,FALSE) -> 6932485020690
A9: 46169 | B9: FW770100DE | C9: =VLOOKUP(B9,'大货清单（不定期按GOMS更新）'!A:H,8,0) -> 109-24281001 | D9: =VLOOKUP(B9,'大货清单（不定期按GOMS更新）'!A:C,3,0) -> CL2428J-01 | E9: =VLOOKUP(B9,'大货清单（不定期按GOMS更新）'!A:H,4,0) -> DE | F9: =VLOOKUP(B9,'大货清单（不定期按GOMS更新）'!A:H,2,0) -> Floor One Station S9 Scientist | G9: =VLOOKUP(B9,'大货清单（不定期按GOMS更新）'!A:I,9,FALSE) -> 6971745581557 | H9: =VLOOKUP(B9,'大货清单（不定期按GOMS更新）'!A:H,7,0) -> Gray | I9: =VLOOKUP(B9,'大货清单（不定期按GOMS更新）'!A:F,6,FALSE) -> GTM | J9: =VLOOKUP(B9,'大货清单（不定期按GOMS更新）'!A:K,11,FALSE) -> 14.3 | K9: =VLOOKUP(B9,'大货清单（不定期按GOMS更新）'!A:N,12,FALSE) -> 785 | L9: =VLOOKUP(B9,'大货清单（不定期按GOMS更新）'!A:M,13,FALSE) -> 386 | M9: =VLOOKUP(B9,'大货清单（不定期按GOMS更新）'!A:N,14,FALSE) -> 367 | N9: 9FWRH510400 | O9: =IFERROR(VLOOKUP(N9,'散件迭代（不定期更新）'!C:J,8,FALSE),0) -> 0 | P9: =IFERROR(VLOOKUP(N9,'散件（更新）'!B:H,3,FALSE),0) | Q9: =VLOOKUP(N9,'散件（更新）'!B:H,2,FALSE) -> 114-24280310 | R9: =VLOOKUP(N9,'散件（更新）'!B:H,7,FALSE) -> Left Decorative Cover | S9: =VLOOKUP(N9,'散件（更新）'!B:E,4,FALSE) -> https://tineco-yxzt.oss-accelerate.aliyuncs.com/20260210/jishenzuozhuangshigai_1770685879246.png | U9: =VLOOKUP(N9,'散件（更新）'!B:G,6,FALSE) -> SP;CL2428C-01;机身左装饰盖 | V9: =VLOOKUP(N9,'散件（更新）'!B:I,8,FALSE) -> 6932485020706
A10: 46169 | B10: FW770100DE | C10: =VLOOKUP(B10,'大货清单（不定期按GOMS更新）'!A:H,8,0) -> 109-24281001 | D10: =VLOOKUP(B10,'大货清单（不定期按GOMS更新）'!A:C,3,0) -> CL2428J-01 | E10: =VLOOKUP(B10,'大货清单（不定期按GOMS更新）'!A:H,4,0) -> DE | F10: =VLOOKUP(B10,'大货清单（不定期按GOMS更新）'!A:H,2,0) -> Floor One Station S9 Scientist | G10: =VLOOKUP(B10,'大货清单（不定期按GOMS更新）'!A:I,9,FALSE) -> 6971745581557 | H10: =VLOOKUP(B10,'大货清单（不定期按GOMS更新）'!A:H,7,0) -> Gray | I10: =VLOOKUP(B10,'大货清单（不定期按GOMS更新）'!A:F,6,FALSE) -> GTM | J10: =VLOOKUP(B10,'大货清单（不定期按GOMS更新）'!A:K,11,FALSE) -> 14.3 | K10: =VLOOKUP(B10,'大货清单（不定期按GOMS更新）'!A:N,12,FALSE) -> 785 | L10: =VLOOKUP(B10,'大货清单（不定期按GOMS更新）'!A:M,13,FALSE) -> 386 | M10: =VLOOKUP(B10,'大货清单（不定期按GOMS更新）'!A:N,14,FALSE) -> 367 | N10: 9FWRH510600 | O10: =IFERROR(VLOOKUP(N10,'散件迭代（不定期更新）'!C:J,8,FALSE),0) -> 0 | P10: =IFERROR(VLOOKUP(N10,'散件（更新）'!B:H,3,FALSE),0) | Q10: =VLOOKUP(N10,'散件（更新）'!B:H,2,FALSE) -> 114-24280319 | R10: =VLOOKUP(N10,'散件（更新）'!B:H,7,FALSE) -> Rear Cover Screw Plug Assembly | S10: =VLOOKUP(N10,'散件（更新）'!B:E,4,FALSE) -> https://tineco-yxzt.oss-accelerate.aliyuncs.com/20260210/jishenhougailuosisaizujian（hanzuoyou）_1770686267784.png | U10: =VLOOKUP(N10,'散件（更新）'!B:G,6,FALSE) -> SP;CL2428C-01;机身后盖螺丝塞组件（含左右） | V10: =VLOOKUP(N10,'散件（更新）'!B:I,8,FALSE) -> 6932485020799
A11: 46169 | B11: FW770100DE | C11: =VLOOKUP(B11,'大货清单（不定期按GOMS更新）'!A:H,8,0) -> 109-24281001 | D11: =VLOOKUP(B11,'大货清单（不定期按GOMS更新）'!A:C,3,0) -> CL2428J-01 | E11: =VLOOKUP(B11,'大货清单（不定期按GOMS更新）'!A:H,4,0) -> DE | F11: =VLOOKUP(B11,'大货清单（不定期按GOMS更新）'!A:H,2,0) -> Floor One Station S9 Scientist | G11: =VLOOKUP(B11,'大货清单（不定期按GOMS更新）'!A:I,9,FALSE) -> 6971745581557 | H11: =VLOOKUP(B11,'大货清单（不定期按GOMS更新）'!A:H,7,0) -> Gray | I11: =VLOOKUP(B11,'大货清单（不定期按GOMS更新）'!A:F,6,FALSE) -> GTM | J11: =VLOOKUP(B11,'大货清单（不定期按GOMS更新）'!A:K,11,FALSE) -> 14.3 | K11: =VLOOKUP(B11,'大货清单（不定期按GOMS更新）'!A:N,12,FALSE) -> 785 | L11: =VLOOKUP(B11,'大货清单（不定期按GOMS更新）'!A:M,13,FALSE) -> 386 | M11: =VLOOKUP(B11,'大货清单（不定期按GOMS更新）'!A:N,14,FALSE) -> 367 | N11: 9FWRH510700 | O11: =IFERROR(VLOOKUP(N11,'散件迭代（不定期更新）'!C:J,8,FALSE),0) -> 0 | P11: =IFERROR(VLOOKUP(N11,'散件（更新）'!B:H,3,FALSE),0) | Q11: =VLOOKUP(N11,'散件（更新）'!B:H,2,FALSE) -> 114-24280320 | R11: =VLOOKUP(N11,'散件（更新）'!B:H,7,FALSE) -> Lower Decorative Cover | S11: =VLOOKUP(N11,'散件（更新）'!B:E,4,FALSE) -> https://tineco-yxzt.oss-accelerate.aliyuncs.com/20260210/jishenxiazhuangshigai_1770686308294.png | U11: =VLOOKUP(N11,'散件（更新）'!B:G,6,FALSE) -> SP;CL2428C-01;机身下装饰盖 | V11: =VLOOKUP(N11,'散件（更新）'!B:I,8,FALSE) -> 6932485020805
A12: 46169 | B12: FW770100DE | C12: =VLOOKUP(B12,'大货清单（不定期按GOMS更新）'!A:H,8,0) -> 109-24281001 | D12: =VLOOKUP(B12,'大货清单（不定期按GOMS更新）'!A:C,3,0) -> CL2428J-01 | E12: =VLOOKUP(B12,'大货清单（不定期按GOMS更新）'!A:H,4,0) -> DE | F12: =VLOOKUP(B12,'大货清单（不定期按GOMS更新）'!A:H,2,0) -> Floor One Station S9 Scientist | G12: =VLOOKUP(B12,'大货清单（不定期按GOMS更新）'!A:I,9,FALSE) -> 6971745581557 | H12: =VLOOKUP(B12,'大货清单（不定期按GOMS更新）'!A:H,7,0) -> Gray | I12: =VLOOKUP(B12,'大货清单（不定期按GOMS更新）'!A:F,6,FALSE) -> GTM | J12: =VLOOKUP(B12,'大货清单（不定期按GOMS更新）'!A:K,11,FALSE) -> 14.3 | K12: =VLOOKUP(B12,'大货清单（不定期按GOMS更新）'!A:N,12,FALSE) -> 785 | L12: =VLOOKUP(B12,'大货清单（不定期按GOMS更新）'!A:M,13,FALSE) -> 386 | M12: =VLOOKUP(B12,'大货清单（不定期按GOMS更新）'!A:N,14,FALSE) -> 367 | N12: 9FWRH510800 | O12: =IFERROR(VLOOKUP(N12,'散件迭代（不定期更新）'!C:J,8,FALSE),0) -> 0 | P12: =IFERROR(VLOOKUP(N12,'散件（更新）'!B:H,3,FALSE),0) | Q12: =VLOOKUP(N12,'散件（更新）'!B:H,2,FALSE) -> 114-24280321 | R12: =VLOOKUP(N12,'散件（更新）'!B:H,7,FALSE) -> Upper Decorative Cover | S12: =VLOOKUP(N12,'散件（更新）'!B:E,4,FALSE) -> https://tineco-yxzt.oss-accelerate.aliyuncs.com/20260210/jishenshangzhuangshigaibaojiaozujian_1770686364505.png | U12: =VLOOKUP(N12,'散件（更新）'!B:G,6,FALSE) -> SP;CL2428C-01;机身上装饰盖包胶组件 | V12: =VLOOKUP(N12,'散件（更新）'!B:I,8,FALSE) -> 6932485020812
A13: 46169 | B13: FW770100DE | C13: =VLOOKUP(B13,'大货清单（不定期按GOMS更新）'!A:H,8,0) -> 109-24281001 | D13: =VLOOKUP(B13,'大货清单（不定期按GOMS更新）'!A:C,3,0) -> CL2428J-01 | E13: =VLOOKUP(B13,'大货清单（不定期按GOMS更新）'!A:H,4,0) -> DE | F13: =VLOOKUP(B13,'大货清单（不定期按GOMS更新）'!A:H,2,0) -> Floor One Station S9 Scientist | G13: =VLOOKUP(B13,'大货清单（不定期按GOMS更新）'!A:I,9,FALSE) -> 6971745581557 | H13: =VLOOKUP(B13,'大货清单（不定期按GOMS更新）'!A:H,7,0) -> Gray | I13: =VLOOKUP(B13,'大货清单（不定期按GOMS更新）'!A:F,6,FALSE) -> GTM | J13: =VLOOKUP(B13,'大货清单（不定期按GOMS更新）'!A:K,11,FALSE) -> 14.3 | K13: =VLOOKUP(B13,'大货清单（不定期按GOMS更新）'!A:N,12,FALSE) -> 785 | L13: =VLOOKUP(B13,'大货清单（不定期按GOMS更新）'!A:M,13,FALSE) -> 386 | M13: =VLOOKUP(B13,'大货清单（不定期按GOMS更新）'!A:N,14,FALSE) -> 367 | N13: 9FWRH510900 | O13: =IFERROR(VLOOKUP(N13,'散件迭代（不定期更新）'!C:J,8,FALSE),0) -> 0 | P13: =IFERROR(VLOOKUP(N13,'散件（更新）'!B:H,3,FALSE),0) | Q13: =VLOOKUP(N13,'散件（更新）'!B:H,2,FALSE) -> 114-24280324 | R13: =VLOOKUP(N13,'散件（更新）'!B:H,7,FALSE) -> Brush Roller Motor Cover | S13: =VLOOKUP(N13,'散件（更新）'!B:E,4,FALSE) -> https://tineco-yxzt.oss-accelerate.aliyuncs.com/20260210/youshuadianjishoubinggaiban_1770686488756.png | U13: =VLOOKUP(N13,'散件（更新）'!B:G,6,FALSE) -> SP;CL2428C-01;有刷电机手柄盖板组件 | V13: =VLOOKUP(N13,'散件（更新）'!B:I,8,FALSE) -> 6932485020843
A14: 46169 | B14: FW770100DE | C14: =VLOOKUP(B14,'大货清单（不定期按GOMS更新）'!A:H,8,0) -> 109-24281001 | D14: =VLOOKUP(B14,'大货清单（不定期按GOMS更新）'!A:C,3,0) -> CL2428J-01 | E14: =VLOOKUP(B14,'大货清单（不定期按GOMS更新）'!A:H,4,0) -> DE | F14: =VLOOKUP(B14,'大货清单（不定期按GOMS更新）'!A:H,2,0) -> Floor One Station S9 Scientist | G14: =VLOOKUP(B14,'大货清单（不定期按GOMS更新）'!A:I,9,FALSE) -> 6971745581557 | H14: =VLOOKUP(B14,'大货清单（不定期按GOMS更新）'!A:H,7,0) -> Gray | I14: =VLOOKUP(B14,'大货清单（不定期按GOMS更新）'!A:F,6,FALSE) -> GTM | J14: =VLOOKUP(B14,'大货清单（不定期按GOMS更新）'!A:K,11,FALSE) -> 14.3 | K14: =VLOOKUP(B14,'大货清单（不定期按GOMS更新）'!A:N,12,FALSE) -> 785 | L14: =VLOOKUP(B14,'大货清单（不定期按GOMS更新）'!A:M,13,FALSE) -> 386 | M14: =VLOOKUP(B14,'大货清单（不定期按GOMS更新）'!A:N,14,FALSE) -> 367 | N14: 9FWRH511000 | O14: =IFERROR(VLOOKUP(N14,'散件迭代（不定期更新）'!C:J,8,FALSE),0) -> 0 | P14: =IFERROR(VLOOKUP(N14,'散件（更新）'!B:H,3,FALSE),0) | Q14: =VLOOKUP(N14,'散件（更新）'!B:H,2,FALSE) -> 114-24280325 | R14: =VLOOKUP(N14,'散件（更新）'!B:H,7,FALSE) -> Bracket | S14: =VLOOKUP(N14,'散件（更新）'!B:E,4,FALSE) -> https://tineco-yxzt.oss-accelerate.aliyuncs.com/20260210/fuhezhijie_1770686543026.png | U14: =VLOOKUP(N14,'散件（更新）'!B:G,6,FALSE) -> SP;CL2428C-01;复合支架 | V14: =VLOOKUP(N14,'散件（更新）'!B:I,8,FALSE) -> 6932485020850
A15: 46169 | B15: FW770100DE | C15: =VLOOKUP(B15,'大货清单（不定期按GOMS更新）'!A:H,8,0) -> 109-24281001 | D15: =VLOOKUP(B15,'大货清单（不定期按GOMS更新）'!A:C,3,0) -> CL2428J-01 | E15: =VLOOKUP(B15,'大货清单（不定期按GOMS更新）'!A:H,4,0) -> DE | F15: =VLOOKUP(B15,'大货清单（不定期按GOMS更新）'!A:H,2,0) -> Floor One Station S9 Scientist | G15: =VLOOKUP(B15,'大货清单（不定期按GOMS更新）'!A:I,9,FALSE) -> 6971745581557 | H15: =VLOOKUP(B15,'大货清单（不定期按GOMS更新）'!A:H,7,0) -> Gray | I15: =VLOOKUP(B15,'大货清单（不定期按GOMS更新）'!A:F,6,FALSE) -> GTM | J15: =VLOOKUP(B15,'大货清单（不定期按GOMS更新）'!A:K,11,FALSE) -> 14.3 | K15: =VLOOKUP(B15,'大货清单（不定期按GOMS更新）'!A:N,12,FALSE) -> 785 | L15: =VLOOKUP(B15,'大货清单（不定期按GOMS更新）'!A:M,13,FALSE) -> 386 | M15: =VLOOKUP(B15,'大货清单（不定期按GOMS更新）'!A:N,14,FALSE) -> 367 | N15: 9FWRH511200 | O15: =IFERROR(VLOOKUP(N15,'散件迭代（不定期更新）'!C:J,8,FALSE),0) -> 0 | P15: =IFERROR(VLOOKUP(N15,'散件（更新）'!B:H,3,FALSE),0) | Q15: =VLOOKUP(N15,'散件（更新）'!B:H,2,FALSE) -> 114-24280329 | R15: =VLOOKUP(N15,'散件（更新）'!B:H,7,FALSE) -> Light Guide Plate Assembly | S15: =VLOOKUP(N15,'散件（更新）'!B:E,4,FALSE) -> https://tineco-yxzt.oss-accelerate.aliyuncs.com/20260210/daoguangbanzujian（daoguangban＋waiqiao）_1770687154481.png | U15: =VLOOKUP(N15,'散件（更新）'!B:G,6,FALSE) -> SP;CL2428C-01;导光板组件（导光板＋外壳） | V15: =VLOOKUP(N15,'散件（更新）'!B:I,8,FALSE) -> 6932485020898
A16: 46169 | B16: FW770100DE | C16: =VLOOKUP(B16,'大货清单（不定期按GOMS更新）'!A:H,8,0) -> 109-24281001 | D16: =VLOOKUP(B16,'大货清单（不定期按GOMS更新）'!A:C,3,0) -> CL2428J-01 | E16: =VLOOKUP(B16,'大货清单（不定期按GOMS更新）'!A:H,4,0) -> DE | F16: =VLOOKUP(B16,'大货清单（不定期按GOMS更新）'!A:H,2,0) -> Floor One Station S9 Scientist | G16: =VLOOKUP(B16,'大货清单（不定期按GOMS更新）'!A:I,9,FALSE) -> 6971745581557 | H16: =VLOOKUP(B16,'大货清单（不定期按GOMS更新）'!A:H,7,0) -> Gray | I16: =VLOOKUP(B16,'大货清单（不定期按GOMS更新）'!A:F,6,FALSE) -> GTM | J16: =VLOOKUP(B16,'大货清单（不定期按GOMS更新）'!A:K,11,FALSE) -> 14.3 | K16: =VLOOKUP(B16,'大货清单（不定期按GOMS更新）'!A:N,12,FALSE) -> 785 | L16: =VLOOKUP(B16,'大货清单（不定期按GOMS更新）'!A:M,13,FALSE) -> 386 | M16: =VLOOKUP(B16,'大货清单（不定期按GOMS更新）'!A:N,14,FALSE) -> 367 | N16: 9FWRH541100 | O16: =IFERROR(VLOOKUP(N16,'散件迭代（不定期更新）'!C:J,8,FALSE),0) -> 0 | P16: =IFERROR(VLOOKUP(N16,'散件（更新）'!B:H,3,FALSE),0) | Q16: =VLOOKUP(N16,'散件（更新）'!B:H,2,FALSE) -> 114-25390617 | R16: =VLOOKUP(N16,'散件（更新）'!B:H,7,FALSE) -> Hot Water Inlet Valve | S16: =VLOOKUP(N16,'散件（更新）'!B:E,4,FALSE) -> https://tineco-yxzt.oss-accelerate.aliyuncs.com/20260206/reshuishangshuifa_1770359911226.JPG | U16: =VLOOKUP(N16,'散件（更新）'!B:G,6,FALSE) -> SP;CL2539F-01;热水上水阀 | V16: =VLOOKUP(N16,'散件（更新）'!B:I,8,FALSE) -> 6932485021550
A17: 46169 | B17: FW770100DE | C17: =VLOOKUP(B17,'大货清单（不定期按GOMS更新）'!A:H,8,0) -> 109-24281001 | D17: =VLOOKUP(B17,'大货清单（不定期按GOMS更新）'!A:C,3,0) -> CL2428J-01 | E17: =VLOOKUP(B17,'大货清单（不定期按GOMS更新）'!A:H,4,0) -> DE | F17: =VLOOKUP(B17,'大货清单（不定期按GOMS更新）'!A:H,2,0) -> Floor One Station S9 Scientist | G17: =VLOOKUP(B17,'大货清单（不定期按GOMS更新）'!A:I,9,FALSE) -> 6971745581557 | H17: =VLOOKUP(B17,'大货清单（不定期按GOMS更新）'!A:H,7,0) -> Gray | I17: =VLOOKUP(B17,'大货清单（不定期按GOMS更新）'!A:F,6,FALSE) -> GTM | J17: =VLOOKUP(B17,'大货清单（不定期按GOMS更新）'!A:K,11,FALSE) -> 14.3 | K17: =VLOOKUP(B17,'大货清单（不定期按GOMS更新）'!A:N,12,FALSE) -> 785 | L17: =VLOOKUP(B17,'大货清单（不定期按GOMS更新）'!A:M,13,FALSE) -> 386 | M17: =VLOOKUP(B17,'大货清单（不定期按GOMS更新）'!A:N,14,FALSE) -> 367 | N17: 9FWRH541200 | O17: =IFERROR(VLOOKUP(N17,'散件迭代（不定期更新）'!C:J,8,FALSE),0) -> 0 | P17: =IFERROR(VLOOKUP(N17,'散件（更新）'!B:H,3,FALSE),0) | Q17: =VLOOKUP(N17,'散件（更新）'!B:H,2,FALSE) -> 114-25390618 | R17: =VLOOKUP(N17,'散件（更新）'!B:H,7,FALSE) -> Charging base Foot Pad (1 pc) | S17: =VLOOKUP(N17,'散件（更新）'!B:E,4,FALSE) -> https://tineco-yxzt.oss-accelerate.aliyuncs.com/20260206/IMG_2720_1770359962427.JPG | U17: =VLOOKUP(N17,'散件（更新）'!B:G,6,FALSE) -> SP;CL2539F-01;托盘脚垫（1个） | V17: =VLOOKUP(N17,'散件（更新）'!B:I,8,FALSE) -> 6932485021567
... A20: 46169 | B20: FW770100DE | C20: =VLOOKUP(B20,'大货清单（不定期按GOMS更新）'!A:H,8,0) -> 109-24281001 | D20: =VLOOKUP(B20,'大货清单（不定期按GOMS更新）'!A:C,3,0) -> CL2428J-01 | E20: =VLOOKUP(B20,'大货清单（不定期按GOMS更新）'!A:H,4,0) -> DE | F20: =VLOOKUP(B20,'大货清单（不定期按GOMS更新）'!A:H,2,0) -> Floor One Station S9 Scientist | G20: =VLOOKUP(B20,'大货清单（不定期按GOMS更新）'!A:I,9,FALSE) -> 6971745581557 | H20: =VLOOKUP(B20,'大货清单（不定期按GOMS更新）'!A:H,7,0) -> Gray | I20: =VLOOKUP(B20,'大货清单（不定期按GOMS更新）'!A:F,6,FALSE) -> GTM | J20: =VLOOKUP(B20,'大货清单（不定期按GOMS更新）'!A:K,11,FALSE) -> 14.3 | K20: =VLOOKUP(B20,'大货清单（不定期按GOMS更新）'!A:N,12,FALSE) -> 785 | L20: =VLOOKUP(B20,'大货清单（不定期按GOMS更新）'!A:M,13,FALSE) -> 386 | M20: =VLOOKUP(B20,'大货清单（不定期按GOMS更新）'!A:N,14,FALSE) -> 367 | N20: 9FWRH641100 | O20: =IFERROR(VLOOKUP(N20,'散件迭代（不定期更新）'!C:J,8,FALSE),0) -> 0 | P20: =IFERROR(VLOOKUP(N20,'散件（更新）'!B:H,3,FALSE),0) | Q20: =VLOOKUP(N20,'散件（更新）'!B:H,2,FALSE) -> 114-24360424 | R20: =VLOOKUP(N20,'散件（更新）'!B:H,7,FALSE) -> Floor Brush Base Bracket Assembly | S20: =VLOOKUP(N20,'散件（更新）'!B:E,4,FALSE) -> https://tineco-yxzt.oss-accelerate.aliyuncs.com/20251223/114-24360424dishuadizuozhijiazujian_1766487217167.jpg | U20: =VLOOKUP(N20,'散件（更新）'!B:G,6,FALSE) -> SP;CL2436D-01;地刷底座支架组件 | V20: =VLOOKUP(N20,'散件（更新）'!B:I,8,FALSE) -> 6932485018765
A21: 46169 | B21: FW770100DE | C21: =VLOOKUP(B21,'大货清单（不定期按GOMS更新）'!A:H,8,0) -> 109-24281001 | D21: =VLOOKUP(B21,'大货清单（不定期按GOMS更新）'!A:C,3,0) -> CL2428J-01 | E21: =VLOOKUP(B21,'大货清单（不定期按GOMS更新）'!A:H,4,0) -> DE | F21: =VLOOKUP(B21,'大货清单（不定期按GOMS更新）'!A:H,2,0) -> Floor One Station S9 Scientist | G21: =VLOOKUP(B21,'大货清单（不定期按GOMS更新）'!A:I,9,FALSE) -> 6971745581557 | H21: =VLOOKUP(B21,'大货清单（不定期按GOMS更新）'!A:H,7,0) -> Gray | I21: =VLOOKUP(B21,'大货清单（不定期按GOMS更新）'!A:F,6,FALSE) -> GTM | J21: =VLOOKUP(B21,'大货清单（不定期按GOMS更新）'!A:K,11,FALSE) -> 14.3 | K21: =VLOOKUP(B21,'大货清单（不定期按GOMS更新）'!A:N,12,FALSE) -> 785 | L21: =VLOOKUP(B21,'大货清单（不定期按GOMS更新）'!A:M,13,FALSE) -> 386 | M21: =VLOOKUP(B21,'大货清单（不定期按GOMS更新）'!A:N,14,FALSE) -> 367 | N21: 9FWRI510000 | O21: =IFERROR(VLOOKUP(N21,'散件迭代（不定期更新）'!C:J,8,FALSE),0) -> 0 | P21: =IFERROR(VLOOKUP(N21,'散件（更新）'!B:H,3,FALSE),0) | Q21: =VLOOKUP(N21,'散件（更新）'!B:H,2,FALSE) -> 114-24280328 | R21: =VLOOKUP(N21,'散件（更新）'!B:H,7,FALSE) -> DWT Signal Detection Sensor | S21: =VLOOKUP(N21,'散件（更新）'!B:E,4,FALSE) -> https://tineco-yxzt.oss-accelerate.aliyuncs.com/20260210/wushuitongshuimanjiancedaoxian_1770687075742.png | T21: for brush | U21: =VLOOKUP(N21,'散件（更新）'!B:G,6,FALSE) -> SP;CL2428C-01;污水桶水满检测导线 | V21: =VLOOKUP(N21,'散件（更新）'!B:I,8,FALSE) -> 6932485020881
A22: 46169 | B22: FW770100DE | C22: =VLOOKUP(B22,'大货清单（不定期按GOMS更新）'!A:H,8,0) -> 109-24281001 | D22: =VLOOKUP(B22,'大货清单（不定期按GOMS更新）'!A:C,3,0) -> CL2428J-01 | E22: =VLOOKUP(B22,'大货清单（不定期按GOMS更新）'!A:H,4,0) -> DE | F22: =VLOOKUP(B22,'大货清单（不定期按GOMS更新）'!A:H,2,0) -> Floor One Station S9 Scientist | G22: =VLOOKUP(B22,'大货清单（不定期按GOMS更新）'!A:I,9,FALSE) -> 6971745581557 | H22: =VLOOKUP(B22,'大货清单（不定期按GOMS更新）'!A:H,7,0) -> Gray | I22: =VLOOKUP(B22,'大货清单（不定期按GOMS更新）'!A:F,6,FALSE) -> GTM | J22: =VLOOKUP(B22,'大货清单（不定期按GOMS更新）'!A:K,11,FALSE) -> 14.3 | K22: =VLOOKUP(B22,'大货清单（不定期按GOMS更新）'!A:N,12,FALSE) -> 785 | L22: =VLOOKUP(B22,'大货清单（不定期按GOMS更新）'!A:M,13,FALSE) -> 386 | M22: =VLOOKUP(B22,'大货清单（不定期按GOMS更新）'!A:N,14,FALSE) -> 367 | N22: 9FWRI540100 | O22: =IFERROR(VLOOKUP(N22,'散件迭代（不定期更新）'!C:J,8,FALSE),0) -> 0 | P22: =IFERROR(VLOOKUP(N22,'散件（更新）'!B:H,3,FALSE),0) | Q22: =VLOOKUP(N22,'散件（更新）'!B:H,2,FALSE) -> 114-25390613 | R22: =VLOOKUP(N22,'散件（更新）'!B:H,7,FALSE) -> Brush Roller Assembly Charging Connection Wire | S22: =VLOOKUP(N22,'散件（更新）'!B:E,4,FALSE) -> https://tineco-yxzt.oss-accelerate.aliyuncs.com/20260206/dishuachongdianduijiedaoxianzujian_1770359543679.JPG | U22: =VLOOKUP(N22,'散件（更新）'!B:G,6,FALSE) -> SP;CL2539F-01;地刷充电对接导线组件 | V22: =VLOOKUP(N22,'散件（更新）'!B:I,8,FALSE) -> 6932485021512
A23: 46169 | B23: FW770100DE | C23: =VLOOKUP(B23,'大货清单（不定期按GOMS更新）'!A:H,8,0) -> 109-24281001 | D23: =VLOOKUP(B23,'大货清单（不定期按GOMS更新）'!A:C,3,0) -> CL2428J-01 | E23: =VLOOKUP(B23,'大货清单（不定期按GOMS更新）'!A:H,4,0) -> DE | F23: =VLOOKUP(B23,'大货清单（不定期按GOMS更新）'!A:H,2,0) -> Floor One Station S9 Scientist | G23: =VLOOKUP(B23,'大货清单（不定期按GOMS更新）'!A:I,9,FALSE) -> 6971745581557 | H23: =VLOOKUP(B23,'大货清单（不定期按GOMS更新）'!A:H,7,0) -> Gray | I23: =VLOOKUP(B23,'大货清单（不定期按GOMS更新）'!A:F,6,FALSE) -> GTM | J23: =VLOOKUP(B23,'大货清单（不定期按GOMS更新）'!A:K,11,FALSE) -> 14.3 | K23: =VLOOKUP(B23,'大货清单（不定期按GOMS更新）'!A:N,12,FALSE) -> 785 | L23: =VLOOKUP(B23,'大货清单（不定期按GOMS更新）'!A:M,13,FALSE) -> 386 | M23: =VLOOKUP(B23,'大货清单（不定期按GOMS更新）'!A:N,14,FALSE) -> 367 | N23: 9FWRI540200 | O23: =IFERROR(VLOOKUP(N23,'散件迭代（不定期更新）'!C:J,8,FALSE),0) -> 0 | P23: =IFERROR(VLOOKUP(N23,'散件（更新）'!B:H,3,FALSE),0) | Q23: =VLOOKUP(N23,'散件（更新）'!B:H,2,FALSE) -> 114-25390616 | R23: =VLOOKUP(N23,'散件（更新）'!B:H,7,FALSE) -> Charging Connection Wire Assembly Of Charging Base | S23: =VLOOKUP(N23,'散件（更新）'!B:E,4,FALSE) -> https://tineco-yxzt.oss-accelerate.aliyuncs.com/20260206/IMG_2709_1770359810017.JPG | U23: =VLOOKUP(N23,'散件（更新）'!B:G,6,FALSE) -> SP;CL2539F-01;充电座组件+充电通讯导线 | V23: =VLOOKUP(N23,'散件（更新）'!B:I,8,FALSE) -> 6932485021543
A24: 46169 | B24: FW770100DE | C24: =VLOOKUP(B24,'大货清单（不定期按GOMS更新）'!A:H,8,0) -> 109-24281001 | D24: =VLOOKUP(B24,'大货清单（不定期按GOMS更新）'!A:C,3,0) -> CL2428J-01 | E24: =VLOOKUP(B24,'大货清单（不定期按GOMS更新）'!A:H,4,0) -> DE | F24: =VLOOKUP(B24,'大货清单（不定期按GOMS更新）'!A:H,2,0) -> Floor One Station S9 Scientist | G24: =VLOOKUP(B24,'大货清单（不定期按GOMS更新）'!A:I,9,FALSE) -> 6971745581557 | H24: =VLOOKUP(B24,'大货清单（不定期按GOMS更新）'!A:H,7,0) -> Gray | I24: =VLOOKUP(B24,'大货清单（不定期按GOMS更新）'!A:F,6,FALSE) -> GTM | J24: =VLOOKUP(B24,'大货清单（不定期按GOMS更新）'!A:K,11,FALSE) -> 14.3 | K24: =VLOOKUP(B24,'大货清单（不定期按GOMS更新）'!A:N,12,FALSE) -> 785 | L24: =VLOOKUP(B24,'大货清单（不定期按GOMS更新）'!A:M,13,FALSE) -> 386 | M24: =VLOOKUP(B24,'大货清单（不定期按GOMS更新）'!A:N,14,FALSE) -> 367 | N24: 9FWRI540300 | O24: =IFERROR(VLOOKUP(N24,'散件迭代（不定期更新）'!C:J,8,FALSE),0) -> 0 | P24: =IFERROR(VLOOKUP(N24,'散件（更新）'!B:H,3,FALSE),0) | Q24: =VLOOKUP(N24,'散件（更新）'!B:H,2,FALSE) -> 114-25390623 | R24: =VLOOKUP(N24,'散件（更新）'!B:H,7,FALSE) -> Power Cord | S24: =VLOOKUP(N24,'散件（更新）'!B:E,4,FALSE) -> https://tineco-yxzt.oss-accelerate.aliyuncs.com/20260206/wannengoubansanchadianyuanxian_1770360231084.JPG | U24: =VLOOKUP(N24,'散件（更新）'!B:G,6,FALSE) -> SP;CL2539F-01;万能欧版三插电源线 | V24: =VLOOKUP(N24,'散件（更新）'!B:I,8,FALSE) -> 6932485021611
A25: 46169 | B25: FW770100DE | C25: =VLOOKUP(B25,'大货清单（不定期按GOMS更新）'!A:H,8,0) -> 109-24281001 | D25: =VLOOKUP(B25,'大货清单（不定期按GOMS更新）'!A:C,3,0) -> CL2428J-01 | E25: =VLOOKUP(B25,'大货清单（不定期按GOMS更新）'!A:H,4,0) -> DE | F25: =VLOOKUP(B25,'大货清单（不定期按GOMS更新）'!A:H,2,0) -> Floor One Station S9 Scientist | G25: =VLOOKUP(B25,'大货清单（不定期按GOMS更新）'!A:I,9,FALSE) -> 6971745581557 | H25: =VLOOKUP(B25,'大货清单（不定期按GOMS更新）'!A:H,7,0) -> Gray | I25: =VLOOKUP(B25,'大货清单（不定期按GOMS更新）'!A:F,6,FALSE) -> GTM | J25: =VLOOKUP(B25,'大货清单（不定期按GOMS更新）'!A:K,11,FALSE) -> 14.3 | K25: =VLOOKUP(B25,'大货清单（不定期按GOMS更新）'!A:N,12,FALSE) -> 785 | L25: =VLOOKUP(B25,'大货清单（不定期按GOMS更新）'!A:M,13,FALSE) -> 386 | M25: =VLOOKUP(B25,'大货清单（不定期按GOMS更新）'!A:N,14,FALSE) -> 367 | N25: 9FWRK360000 | O25: =IFERROR(VLOOKUP(N25,'散件迭代（不定期更新）'!C:J,8,FALSE),0) -> 0 | P25: =IFERROR(VLOOKUP(N25,'散件（更新）'!B:H,3,FALSE),0) | Q25: =VLOOKUP(N25,'散件（更新）'!B:H,2,FALSE) -> 114-24570002 | R25: =VLOOKUP(N25,'散件（更新）'!B:H,7,FALSE) -> Switch | S25: =VLOOKUP(N25,'散件（更新）'!B:E,4,FALSE) -> https://tineco-yxzt.oss-accelerate.aliyuncs.com/20250114/32131_1736819450296.jpg | U25: =VLOOKUP(N25,'散件（更新）'!B:G,6,FALSE) -> 微动开关 | V25: =VLOOKUP(N25,'散件（更新）'!B:I,8,FALSE) -> 6932485002955
A26: 46169 | B26: FW770100DE | C26: =VLOOKUP(B26,'大货清单（不定期按GOMS更新）'!A:H,8,0) -> 109-24281001 | D26: =VLOOKUP(B26,'大货清单（不定期按GOMS更新）'!A:C,3,0) -> CL2428J-01 | E26: =VLOOKUP(B26,'大货清单（不定期按GOMS更新）'!A:H,4,0) -> DE | F26: =VLOOKUP(B26,'大货清单（不定期按GOMS更新）'!A:H,2,0) -> Floor One Station S9 Scientist | G26: =VLOOKUP(B26,'大货清单（不定期按GOMS更新）'!A:I,9,FALSE) -> 6971745581557 | H26: =VLOOKUP(B26,'大货清单（不定期按GOMS更新）'!A:H,7,0) -> Gray | I26: =VLOOKUP(B26,'大货清单（不定期按GOMS更新）'!A:F,6,FALSE) -> GTM | J26: =VLOOKUP(B26,'大货清单（不定期按GOMS更新）'!A:K,11,FALSE) -> 14.3 | K26: =VLOOKUP(B26,'大货清单（不定期按GOMS更新）'!A:N,12,FALSE) -> 785 | L26: =VLOOKUP(B26,'大货清单（不定期按GOMS更新）'!A:M,13,FALSE) -> 386 | M26: =VLOOKUP(B26,'大货清单（不定期按GOMS更新）'!A:N,14,FALSE) -> 367 | N26: 9FWRK4A0000 | O26: =IFERROR(VLOOKUP(N26,'散件迭代（不定期更新）'!C:J,8,FALSE),0) -> 0 | P26: =IFERROR(VLOOKUP(N26,'散件（更新）'!B:H,3,FALSE),0) -> 0 | Q26: =VLOOKUP(N26,'散件（更新）'!B:H,2,FALSE) -> 114-25350302 | R26: =VLOOKUP(N26,'散件（更新）'!B:H,7,FALSE) -> Micro Switch ＋Wire | S26: =VLOOKUP(N26,'散件（更新）'!B:E,4,FALSE) -> https://tineco-yxzt.oss-accelerate.aliyuncs.com/20250912/0180e578-009f-4e2b-b7eb-c52b6b19abaa_1757659464697.png | U26: =VLOOKUP(N26,'散件（更新）'!B:G,6,FALSE) -> SP;CL2535C-01;微动开关+导线 | V26: =VLOOKUP(N26,'散件（更新）'!B:I,8,FALSE) -> 6932485013548
A27: 46169 | B27: FW770100DE | C27: =VLOOKUP(B27,'大货清单（不定期按GOMS更新）'!A:H,8,0) -> 109-24281001 | D27: =VLOOKUP(B27,'大货清单（不定期按GOMS更新）'!A:C,3,0) -> CL2428J-01 | E27: =VLOOKUP(B27,'大货清单（不定期按GOMS更新）'!A:H,4,0) -> DE | F27: =VLOOKUP(B27,'大货清单（不定期按GOMS更新）'!A:H,2,0) -> Floor One Station S9 Scientist | G27: =VLOOKUP(B27,'大货清单（不定期按GOMS更新）'!A:I,9,FALSE) -> 6971745581557 | H27: =VLOOKUP(B27,'大货清单（不定期按GOMS更新）'!A:H,7,0) -> Gray | I27: =VLOOKUP(B27,'大货清单（不定期按GOMS更新）'!A:F,6,FALSE) -> GTM | J27: =VLOOKUP(B27,'大货清单（不定期按GOMS更新）'!A:K,11,FALSE) -> 14.3 | K27: =VLOOKUP(B27,'大货清单（不定期按GOMS更新）'!A:N,12,FALSE) -> 785 | L27: =VLOOKUP(B27,'大货清单（不定期按GOMS更新）'!A:M,13,FALSE) -> 386 | M27: =VLOOKUP(B27,'大货清单（不定期按GOMS更新）'!A:N,14,FALSE) -> 367 | N27: 9FWRM510000 | O27: =IFERROR(VLOOKUP(N27,'散件迭代（不定期更新）'!C:J,8,FALSE),0) -> 0 | P27: =IFERROR(VLOOKUP(N27,'散件（更新）'!B:H,3,FALSE),0) | Q27: =VLOOKUP(N27,'散件（更新）'!B:H,2,FALSE) -> 114-24280301 | R27: =VLOOKUP(N27,'散件（更新）'!B:H,7,FALSE) -> Servo Motor Assembly | S27: =VLOOKUP(N27,'散件（更新）'!B:E,4,FALSE) -> https://tineco-yxzt.oss-accelerate.aliyuncs.com/20260210/duojizujian_1770685213285.png | U27: =VLOOKUP(N27,'散件（更新）'!B:G,6,FALSE) -> SP;CL2428C-01;舵机组件 | V27: =VLOOKUP(N27,'散件（更新）'!B:I,8,FALSE) -> 6932485020614
A28: 46169 | B28: FW770100DE | C28: =VLOOKUP(B28,'大货清单（不定期按GOMS更新）'!A:H,8,0) -> 109-24281001 | D28: =VLOOKUP(B28,'大货清单（不定期按GOMS更新）'!A:C,3,0) -> CL2428J-01 | E28: =VLOOKUP(B28,'大货清单（不定期按GOMS更新）'!A:H,4,0) -> DE | F28: =VLOOKUP(B28,'大货清单（不定期按GOMS更新）'!A:H,2,0) -> Floor One Station S9 Scientist | G28: =VLOOKUP(B28,'大货清单（不定期按GOMS更新）'!A:I,9,FALSE) -> 6971745581557 | H28: =VLOOKUP(B28,'大货清单（不定期按GOMS更新）'!A:H,7,0) -> Gray | I28: =VLOOKUP(B28,'大货清单（不定期按GOMS更新）'!A:F,6,FALSE) -> GTM | J28: =VLOOKUP(B28,'大货清单（不定期按GOMS更新）'!A:K,11,FALSE) -> 14.3 | K28: =VLOOKUP(B28,'大货清单（不定期按GOMS更新）'!A:N,12,FALSE) -> 785 | L28: =VLOOKUP(B28,'大货清单（不定期按GOMS更新）'!A:M,13,FALSE) -> 386 | M28: =VLOOKUP(B28,'大货清单（不定期按GOMS更新）'!A:N,14,FALSE) -> 367 | N28: 9FWRM540000 | O28: =IFERROR(VLOOKUP(N28,'散件迭代（不定期更新）'!C:J,8,FALSE),0) -> 0 | P28: =IFERROR(VLOOKUP(N28,'散件（更新）'!B:H,3,FALSE),0) | Q28: =VLOOKUP(N28,'散件（更新）'!B:H,2,FALSE) -> 114-25390619 | R28: =VLOOKUP(N28,'散件（更新）'!B:H,7,FALSE) -> Charging base Fan Assembly | S28: =VLOOKUP(N28,'散件（更新）'!B:E,4,FALSE) -> https://tineco-yxzt.oss-accelerate.aliyuncs.com/20260206/tuopanfengjizujian_1770360002589.JPG | U28: =VLOOKUP(N28,'散件（更新）'!B:G,6,FALSE) -> SP;CL2539F-01;托盘风机组件 | V28: =VLOOKUP(N28,'散件（更新）'!B:I,8,FALSE) -> 6932485021574
A29: 46169 | B29: FW770100DE | C29: =VLOOKUP(B29,'大货清单（不定期按GOMS更新）'!A:H,8,0) -> 109-24281001 | D29: =VLOOKUP(B29,'大货清单（不定期按GOMS更新）'!A:C,3,0) -> CL2428J-01 | E29: =VLOOKUP(B29,'大货清单（不定期按GOMS更新）'!A:H,4,0) -> DE | F29: =VLOOKUP(B29,'大货清单（不定期按GOMS更新）'!A:H,2,0) -> Floor One Station S9 Scientist | G29: =VLOOKUP(B29,'大货清单（不定期按GOMS更新）'!A:I,9,FALSE) -> 6971745581557 | H29: =VLOOKUP(B29,'大货清单（不定期按GOMS更新）'!A:H,7,0) -> Gray | I29: =VLOOKUP(B29,'大货清单（不定期按GOMS更新）'!A:F,6,FALSE) -> GTM | J29: =VLOOKUP(B29,'大货清单（不定期按GOMS更新）'!A:K,11,FALSE) -> 14.3 | K29: =VLOOKUP(B29,'大货清单（不定期按GOMS更新）'!A:N,12,FALSE) -> 785 | L29: =VLOOKUP(B29,'大货清单（不定期按GOMS更新）'!A:M,13,FALSE) -> 386 | M29: =VLOOKUP(B29,'大货清单（不定期按GOMS更新）'!A:N,14,FALSE) -> 367 | N29: 9FWRM6300VN | O29: =IFERROR(VLOOKUP(N29,'散件迭代（不定期更新）'!C:J,8,FALSE),0) -> 0 | P29: =IFERROR(VLOOKUP(N29,'散件（更新）'!B:H,3,FALSE),0) -> 0 | Q29: =VLOOKUP(N29,'散件（更新）'!B:H,2,FALSE) -> 114-25620002 | R29: =VLOOKUP(N29,'散件（更新）'!B:H,7,FALSE) -> Main Motor | S29: =VLOOKUP(N29,'散件（更新）'!B:E,4,FALSE) -> 0 | U29: =VLOOKUP(N29,'散件（更新）'!B:G,6,FALSE) -> SP;CL2562-01;主电机 | V29: =VLOOKUP(N29,'散件（更新）'!B:I,8,FALSE) -> 6932485016242
A30: 46169 | B30: FW770100DE | C30: =VLOOKUP(B30,'大货清单（不定期按GOMS更新）'!A:H,8,0) -> 109-24281001 | D30: =VLOOKUP(B30,'大货清单（不定期按GOMS更新）'!A:C,3,0) -> CL2428J-01 | E30: =VLOOKUP(B30,'大货清单（不定期按GOMS更新）'!A:H,4,0) -> DE | F30: =VLOOKUP(B30,'大货清单（不定期按GOMS更新）'!A:H,2,0) -> Floor One Station S9 Scientist | G30: =VLOOKUP(B30,'大货清单（不定期按GOMS更新）'!A:I,9,FALSE) -> 6971745581557 | H30: =VLOOKUP(B30,'大货清单（不定期按GOMS更新）'!A:H,7,0) -> Gray | I30: =VLOOKUP(B30,'大货清单（不定期按GOMS更新）'!A:F,6,FALSE) -> GTM | J30: =VLOOKUP(B30,'大货清单（不定期按GOMS更新）'!A:K,11,FALSE) -> 14.3 | K30: =VLOOKUP(B30,'大货清单（不定期按GOMS更新）'!A:N,12,FALSE) -> 785 | L30: =VLOOKUP(B30,'大货清单（不定期按GOMS更新）'!A:M,13,FALSE) -> 386 | M30: =VLOOKUP(B30,'大货清单（不定期按GOMS更新）'!A:N,14,FALSE) -> 367 | N30: 9FWRO540000 | O30: =IFERROR(VLOOKUP(N30,'散件迭代（不定期更新）'!C:J,8,FALSE),0) -> 0 | P30: =IFERROR(VLOOKUP(N30,'散件（更新）'!B:H,3,FALSE),0) | Q30: =VLOOKUP(N30,'散件（更新）'!B:H,2,FALSE) -> 114-25390622 | R30: =VLOOKUP(N30,'散件（更新）'!B:H,7,FALSE) -> Heating Tube | S30: =VLOOKUP(N30,'散件（更新）'!B:E,4,FALSE) -> https://tineco-yxzt.oss-accelerate.aliyuncs.com/20260206/jiareguan_1770360172000.JPG | U30: =VLOOKUP(N30,'散件（更新）'!B:G,6,FALSE) -> SP;CL2539F-01;加热管 | V30: =VLOOKUP(N30,'散件（更新）'!B:I,8,FALSE) -> 6932485021604
A31: 46169 | B31: FW770100DE | C31: =VLOOKUP(B31,'大货清单（不定期按GOMS更新）'!A:H,8,0) -> 109-24281001 | D31: =VLOOKUP(B31,'大货清单（不定期按GOMS更新）'!A:C,3,0) -> CL2428J-01 | E31: =VLOOKUP(B31,'大货清单（不定期按GOMS更新）'!A:H,4,0) -> DE | F31: =VLOOKUP(B31,'大货清单（不定期按GOMS更新）'!A:H,2,0) -> Floor One Station S9 Scientist | G31: =VLOOKUP(B31,'大货清单（不定期按GOMS更新）'!A:I,9,FALSE) -> 6971745581557 | H31: =VLOOKUP(B31,'大货清单（不定期按GOMS更新）'!A:H,7,0) -> Gray | I31: =VLOOKUP(B31,'大货清单（不定期按GOMS更新）'!A:F,6,FALSE) -> GTM | J31: =VLOOKUP(B31,'大货清单（不定期按GOMS更新）'!A:K,11,FALSE) -> 14.3 | K31: =VLOOKUP(B31,'大货清单（不定期按GOMS更新）'!A:N,12,FALSE) -> 785 | L31: =VLOOKUP(B31,'大货清单（不定期按GOMS更新）'!A:M,13,FALSE) -> 386 | M31: =VLOOKUP(B31,'大货清单（不定期按GOMS更新）'!A:N,14,FALSE) -> 367 | N31: 9FWRO540100 | O31: =IFERROR(VLOOKUP(N31,'散件迭代（不定期更新）'!C:J,8,FALSE),0) -> 0 | P31: =IFERROR(VLOOKUP(N31,'散件（更新）'!B:H,3,FALSE),0) | Q31: =VLOOKUP(N31,'散件（更新）'!B:H,2,FALSE) -> 114-25390639 | R31: =VLOOKUP(N31,'散件（更新）'!B:H,7,FALSE) -> Heating Wire Assembly | S31: =VLOOKUP(N31,'散件（更新）'!B:E,4,FALSE) -> https://tineco-yxzt.oss-accelerate.aliyuncs.com/20260206/faresizujian_1770361079643.JPG | U31: =VLOOKUP(N31,'散件（更新）'!B:G,6,FALSE) -> SP;CL2539F-01;发热丝组件 | V31: =VLOOKUP(N31,'散件（更新）'!B:I,8,FALSE) -> 6932485021765
A32: 46169 | B32: FW770100DE | C32: =VLOOKUP(B32,'大货清单（不定期按GOMS更新）'!A:H,8,0) -> 109-24281001 | D32: =VLOOKUP(B32,'大货清单（不定期按GOMS更新）'!A:C,3,0) -> CL2428J-01 | E32: =VLOOKUP(B32,'大货清单（不定期按GOMS更新）'!A:H,4,0) -> DE | F32: =VLOOKUP(B32,'大货清单（不定期按GOMS更新）'!A:H,2,0) -> Floor One Station S9 Scientist | G32: =VLOOKUP(B32,'大货清单（不定期按GOMS更新）'!A:I,9,FALSE) -> 6971745581557 | H32: =VLOOKUP(B32,'大货清单（不定期按GOMS更新）'!A:H,7,0) -> Gray | I32: =VLOOKUP(B32,'大货清单（不定期按GOMS更新）'!A:F,6,FALSE) -> GTM | J32: =VLOOKUP(B32,'大货清单（不定期按GOMS更新）'!A:K,11,FALSE) -> 14.3 | K32: =VLOOKUP(B32,'大货清单（不定期按GOMS更新）'!A:N,12,FALSE) -> 785 | L32: =VLOOKUP(B32,'大货清单（不定期按GOMS更新）'!A:M,13,FALSE) -> 386 | M32: =VLOOKUP(B32,'大货清单（不定期按GOMS更新）'!A:N,14,FALSE) -> 367 | N32: 9FWRP060500 | O32: =IFERROR(VLOOKUP(N32,'散件迭代（不定期更新）'!C:J,8,FALSE),0) -> 0 | P32: =IFERROR(VLOOKUP(N32,'散件（更新）'!B:H,3,FALSE),0) | Q32: =VLOOKUP(N32,'散件（更新）'!B:H,2,FALSE) -> 114-23761821 | R32: =VLOOKUP(N32,'散件（更新）'!B:H,7,FALSE) -> PCBA | S32: =VLOOKUP(N32,'散件（更新）'!B:E,4,FALSE) -> https://tineco-yxzt.oss-accelerate.aliyuncs.com/20241219/wifi_1734594448888.jpg | U32: =VLOOKUP(N32,'散件（更新）'!B:G,6,FALSE) -> WIFI 小板 | V32: =VLOOKUP(N32,'散件（更新）'!B:I,8,FALSE) -> 6932485002597
A33: 46169 | B33: FW770100DE | C33: =VLOOKUP(B33,'大货清单（不定期按GOMS更新）'!A:H,8,0) -> 109-24281001 | D33: =VLOOKUP(B33,'大货清单（不定期按GOMS更新）'!A:C,3,0) -> CL2428J-01 | E33: =VLOOKUP(B33,'大货清单（不定期按GOMS更新）'!A:H,4,0) -> DE | F33: =VLOOKUP(B33,'大货清单（不定期按GOMS更新）'!A:H,2,0) -> Floor One Station S9 Scientist | G33: =VLOOKUP(B33,'大货清单（不定期按GOMS更新）'!A:I,9,FALSE) -> 6971745581557 | H33: =VLOOKUP(B33,'大货清单（不定期按GOMS更新）'!A:H,7,0) -> Gray | I33: =VLOOKUP(B33,'大货清单（不定期按GOMS更新）'!A:F,6,FALSE) -> GTM | J33: =VLOOKUP(B33,'大货清单（不定期按GOMS更新）'!A:K,11,FALSE) -> 14.3 | K33: =VLOOKUP(B33,'大货清单（不定期按GOMS更新）'!A:N,12,FALSE) -> 785 | L33: =VLOOKUP(B33,'大货清单（不定期按GOMS更新）'!A:M,13,FALSE) -> 386 | M33: =VLOOKUP(B33,'大货清单（不定期按GOMS更新）'!A:N,14,FALSE) -> 367 | N33: 9FWRP0608AE | O33: =IFERROR(VLOOKUP(N33,'散件迭代（不定期更新）'!C:J,8,FALSE),0) -> 0 | P33: =IFERROR(VLOOKUP(N33,'散件（更新）'!B:H,3,FALSE),0) -> 0 | Q33: =VLOOKUP(N33,'散件（更新）'!B:H,2,FALSE) -> 114-23761847 | R33: =VLOOKUP(N33,'散件（更新）'!B:H,7,FALSE) -> PCBA | S33: =VLOOKUP(N33,'散件（更新）'!B:E,4,FALSE) -> 0 | U33: =VLOOKUP(N33,'散件（更新）'!B:G,6,FALSE) -> SP;CL2376R-03;WIFI小板 | V33: =VLOOKUP(N33,'散件（更新）'!B:I,8,FALSE) -> 6932485007325
... A49: 46169 | B49: FW770100DE | C49: =VLOOKUP(B49,'大货清单（不定期按GOMS更新）'!A:H,8,0) -> 109-24281001 | D49: =VLOOKUP(B49,'大货清单（不定期按GOMS更新）'!A:C,3,0) -> CL2428J-01 | E49: =VLOOKUP(B49,'大货清单（不定期按GOMS更新）'!A:H,4,0) -> DE | F49: =VLOOKUP(B49,'大货清单（不定期按GOMS更新）'!A:H,2,0) -> Floor One Station S9 Scientist | G49: =VLOOKUP(B49,'大货清单（不定期按GOMS更新）'!A:I,9,FALSE) -> 6971745581557 | H49: =VLOOKUP(B49,'大货清单（不定期按GOMS更新）'!A:H,7,0) -> Gray | I49: =VLOOKUP(B49,'大货清单（不定期按GOMS更新）'!A:F,6,FALSE) -> GTM | J49: =VLOOKUP(B49,'大货清单（不定期按GOMS更新）'!A:K,11,FALSE) -> 14.3 | K49: =VLOOKUP(B49,'大货清单（不定期按GOMS更新）'!A:N,12,FALSE) -> 785 | L49: =VLOOKUP(B49,'大货清单（不定期按GOMS更新）'!A:M,13,FALSE) -> 386 | M49: =VLOOKUP(B49,'大货清单（不定期按GOMS更新）'!A:N,14,FALSE) -> 367 | N49: 9FWWC510100 | O49: =IFERROR(VLOOKUP(N49,'散件迭代（不定期更新）'!C:J,8,FALSE),0) -> 0 | P49: =IFERROR(VLOOKUP(N49,'散件（更新）'!B:H,3,FALSE),0) | Q49: =VLOOKUP(N49,'散件（更新）'!B:H,2,FALSE) -> 114-24280326 | R49: =VLOOKUP(N49,'散件（更新）'!B:H,7,FALSE) -> Wiper Assembly | S49: =VLOOKUP(N49,'散件（更新）'!B:E,4,FALSE) -> https://tineco-yxzt.oss-accelerate.aliyuncs.com/20260210/rongyetongguashuizujian_1770686611562.png | U49: =VLOOKUP(N49,'散件（更新）'!B:G,6,FALSE) -> SP;CL2428C-01;溶液桶刮水组件 | V49: =VLOOKUP(N49,'散件（更新）'!B:I,8,FALSE) -> 6932485020867
A50: 46169 | B50: FW770100DE | C50: =VLOOKUP(B50,'大货清单（不定期按GOMS更新）'!A:H,8,0) -> 109-24281001 | D50: =VLOOKUP(B50,'大货清单（不定期按GOMS更新）'!A:C,3,0) -> CL2428J-01 | E50: =VLOOKUP(B50,'大货清单（不定期按GOMS更新）'!A:H,4,0) -> DE | F50: =VLOOKUP(B50,'大货清单（不定期按GOMS更新）'!A:H,2,0) -> Floor One Station S9 Scientist | G50: =VLOOKUP(B50,'大货清单（不定期按GOMS更新）'!A:I,9,FALSE) -> 6971745581557 | H50: =VLOOKUP(B50,'大货清单（不定期按GOMS更新）'!A:H,7,0) -> Gray | I50: =VLOOKUP(B50,'大货清单（不定期按GOMS更新）'!A:F,6,FALSE) -> GTM | J50: =VLOOKUP(B50,'大货清单（不定期按GOMS更新）'!A:K,11,FALSE) -> 14.3 | K50: =VLOOKUP(B50,'大货清单（不定期按GOMS更新）'!A:N,12,FALSE) -> 785 | L50: =VLOOKUP(B50,'大货清单（不定期按GOMS更新）'!A:M,13,FALSE) -> 386 | M50: =VLOOKUP(B50,'大货清单（不定期按GOMS更新）'!A:N,14,FALSE) -> 367 | N50: 9FWWC540000 | O50: =IFERROR(VLOOKUP(N50,'散件迭代（不定期更新）'!C:J,8,FALSE),0) -> 0 | P50: =IFERROR(VLOOKUP(N50,'散件（更新）'!B:H,3,FALSE),0) | Q50: =VLOOKUP(N50,'散件（更新）'!B:H,2,FALSE) -> 114-25390615 | R50: =VLOOKUP(N50,'散件（更新）'!B:H,7,FALSE) -> Water Tank On The Charging Base | S50: =VLOOKUP(N50,'散件（更新）'!B:E,4,FALSE) -> https://tineco-yxzt.oss-accelerate.aliyuncs.com/20260206/tuopanshuixiangzujian_1770359718408.JPG | T50: for brush | U50: =VLOOKUP(N50,'散件（更新）'!B:G,6,FALSE) -> SP;CL2539F-01;托盘水箱组件 | V50: =VLOOKUP(N50,'散件（更新）'!B:I,8,FALSE) -> 6932485021536
A51: 46169 | B51: FW770100DE | C51: =VLOOKUP(B51,'大货清单（不定期按GOMS更新）'!A:H,8,0) -> 109-24281001 | D51: =VLOOKUP(B51,'大货清单（不定期按GOMS更新）'!A:C,3,0) -> CL2428J-01 | E51: =VLOOKUP(B51,'大货清单（不定期按GOMS更新）'!A:H,4,0) -> DE | F51: =VLOOKUP(B51,'大货清单（不定期按GOMS更新）'!A:H,2,0) -> Floor One Station S9 Scientist | G51: =VLOOKUP(B51,'大货清单（不定期按GOMS更新）'!A:I,9,FALSE) -> 6971745581557 | H51: =VLOOKUP(B51,'大货清单（不定期按GOMS更新）'!A:H,7,0) -> Gray | I51: =VLOOKUP(B51,'大货清单（不定期按GOMS更新）'!A:F,6,FALSE) -> GTM | J51: =VLOOKUP(B51,'大货清单（不定期按GOMS更新）'!A:K,11,FALSE) -> 14.3 | K51: =VLOOKUP(B51,'大货清单（不定期按GOMS更新）'!A:N,12,FALSE) -> 785 | L51: =VLOOKUP(B51,'大货清单（不定期按GOMS更新）'!A:M,13,FALSE) -> 386 | M51: =VLOOKUP(B51,'大货清单（不定期按GOMS更新）'!A:N,14,FALSE) -> 367 | N51: 9FWWD510000 | O51: =IFERROR(VLOOKUP(N51,'散件迭代（不定期更新）'!C:J,8,FALSE),0) -> 0 | P51: =IFERROR(VLOOKUP(N51,'散件（更新）'!B:H,3,FALSE),0) | Q51: =VLOOKUP(N51,'散件（更新）'!B:H,2,FALSE) -> 114-24280302 | R51: =VLOOKUP(N51,'散件（更新）'!B:H,7,FALSE) -> Dirt Water Tank | S51: =VLOOKUP(N51,'散件（更新）'!B:E,4,FALSE) -> https://tineco-yxzt.oss-accelerate.aliyuncs.com/20260210/huishoutongzujian_1770685404443.png | T51: for main body | U51: =VLOOKUP(N51,'散件（更新）'!B:G,6,FALSE) -> SP;CL2428C-01;回收桶组件 | V51: =VLOOKUP(N51,'散件（更新）'!B:I,8,FALSE) -> 6932485020621
A52: 46169 | B52: FW770100DE | C52: =VLOOKUP(B52,'大货清单（不定期按GOMS更新）'!A:H,8,0) -> 109-24281001 | D52: =VLOOKUP(B52,'大货清单（不定期按GOMS更新）'!A:C,3,0) -> CL2428J-01 | E52: =VLOOKUP(B52,'大货清单（不定期按GOMS更新）'!A:H,4,0) -> DE | F52: =VLOOKUP(B52,'大货清单（不定期按GOMS更新）'!A:H,2,0) -> Floor One Station S9 Scientist | G52: =VLOOKUP(B52,'大货清单（不定期按GOMS更新）'!A:I,9,FALSE) -> 6971745581557 | H52: =VLOOKUP(B52,'大货清单（不定期按GOMS更新）'!A:H,7,0) -> Gray | I52: =VLOOKUP(B52,'大货清单（不定期按GOMS更新）'!A:F,6,FALSE) -> GTM | J52: =VLOOKUP(B52,'大货清单（不定期按GOMS更新）'!A:K,11,FALSE) -> 14.3 | K52: =VLOOKUP(B52,'大货清单（不定期按GOMS更新）'!A:N,12,FALSE) -> 785 | L52: =VLOOKUP(B52,'大货清单（不定期按GOMS更新）'!A:M,13,FALSE) -> 386 | M52: =VLOOKUP(B52,'大货清单（不定期按GOMS更新）'!A:N,14,FALSE) -> 367 | N52: 9FWWD510100 | O52: =IFERROR(VLOOKUP(N52,'散件迭代（不定期更新）'!C:J,8,FALSE),0) -> 0 | P52: =IFERROR(VLOOKUP(N52,'散件（更新）'!B:H,3,FALSE),0) | Q52: =VLOOKUP(N52,'散件（更新）'!B:H,2,FALSE) -> 114-24280303 | R52: =VLOOKUP(N52,'散件（更新）'!B:H,7,FALSE) -> DWT Cover | S52: =VLOOKUP(N52,'散件（更新）'!B:E,4,FALSE) -> https://tineco-yxzt.oss-accelerate.aliyuncs.com/20260210/DWTcover_1770685470188.png | T52: for main body | U52: =VLOOKUP(N52,'散件（更新）'!B:G,6,FALSE) -> SP;CL2428C-01;回收桶盖组件 | V52: =VLOOKUP(N52,'散件（更新）'!B:I,8,FALSE) -> 6932485020638
A53: 46169 | B53: FW770100DE | C53: =VLOOKUP(B53,'大货清单（不定期按GOMS更新）'!A:H,8,0) -> 109-24281001 | D53: =VLOOKUP(B53,'大货清单（不定期按GOMS更新）'!A:C,3,0) -> CL2428J-01 | E53: =VLOOKUP(B53,'大货清单（不定期按GOMS更新）'!A:H,4,0) -> DE | F53: =VLOOKUP(B53,'大货清单（不定期按GOMS更新）'!A:H,2,0) -> Floor One Station S9 Scientist | G53: =VLOOKUP(B53,'大货清单（不定期按GOMS更新）'!A:I,9,FALSE) -> 6971745581557 | H53: =VLOOKUP(B53,'大货清单（不定期按GOMS更新）'!A:H,7,0) -> Gray | I53: =VLOOKUP(B53,'大货清单（不定期按GOMS更新）'!A:F,6,FALSE) -> GTM | J53: =VLOOKUP(B53,'大货清单（不定期按GOMS更新）'!A:K,11,FALSE) -> 14.3 | K53: =VLOOKUP(B53,'大货清单（不定期按GOMS更新）'!A:N,12,FALSE) -> 785 | L53: =VLOOKUP(B53,'大货清单（不定期按GOMS更新）'!A:M,13,FALSE) -> 386 | M53: =VLOOKUP(B53,'大货清单（不定期按GOMS更新）'!A:N,14,FALSE) -> 367 | N53: 9FWWD510200 | O53: =IFERROR(VLOOKUP(N53,'散件迭代（不定期更新）'!C:J,8,FALSE),0) -> 0 | P53: =IFERROR(VLOOKUP(N53,'散件（更新）'!B:H,3,FALSE),0) | Q53: =VLOOKUP(N53,'散件（更新）'!B:H,2,FALSE) -> 114-24280322 | R53: =VLOOKUP(N53,'散件（更新）'!B:H,7,FALSE) -> DWT Body | S53: =VLOOKUP(N53,'散件（更新）'!B:E,4,FALSE) -> 0 | T53: for charging base | U53: =VLOOKUP(N53,'散件（更新）'!B:G,6,FALSE) -> SP;CL2428C-01;回收桶桶体 | V53: =VLOOKUP(N53,'散件（更新）'!B:I,8,FALSE) -> 6932485020829
A54: 46169 | B54: FW770100DE | C54: =VLOOKUP(B54,'大货清单（不定期按GOMS更新）'!A:H,8,0) -> 109-24281001 | D54: =VLOOKUP(B54,'大货清单（不定期按GOMS更新）'!A:C,3,0) -> CL2428J-01 | E54: =VLOOKUP(B54,'大货清单（不定期按GOMS更新）'!A:H,4,0) -> DE | F54: =VLOOKUP(B54,'大货清单（不定期按GOMS更新）'!A:H,2,0) -> Floor One Station S9 Scientist | G54: =VLOOKUP(B54,'大货清单（不定期按GOMS更新）'!A:I,9,FALSE) -> 6971745581557 | H54: =VLOOKUP(B54,'大货清单（不定期按GOMS更新）'!A:H,7,0) -> Gray | I54: =VLOOKUP(B54,'大货清单（不定期按GOMS更新）'!A:F,6,FALSE) -> GTM | J54: =VLOOKUP(B54,'大货清单（不定期按GOMS更新）'!A:K,11,FALSE) -> 14.3 | K54: =VLOOKUP(B54,'大货清单（不定期按GOMS更新）'!A:N,12,FALSE) -> 785 | L54: =VLOOKUP(B54,'大货清单（不定期按GOMS更新）'!A:M,13,FALSE) -> 386 | M54: =VLOOKUP(B54,'大货清单（不定期按GOMS更新）'!A:N,14,FALSE) -> 367 | N54: 9SWRH150200 | O54: =IFERROR(VLOOKUP(N54,'散件迭代（不定期更新）'!C:J,8,FALSE),0) -> 0 | P54: =IFERROR(VLOOKUP(N54,'散件（更新）'!B:H,3,FALSE),0) -> 0 | Q54: =VLOOKUP(N54,'散件（更新）'!B:H,2,FALSE) -> 114-25010014 | R54: =VLOOKUP(N54,'散件（更新）'!B:H,7,FALSE) -> plastic part | S54: =VLOOKUP(N54,'散件（更新）'!B:E,4,FALSE) -> https://tineco-yxzt.oss-accelerate.aliyuncs.com/20250828/guatiaosuokou_1756372355135.jpg | T54: wifi PCBA | U54: =VLOOKUP(N54,'散件（更新）'!B:G,6,FALSE) -> SP;CL2501-01;刮条锁扣 | V54: =VLOOKUP(N54,'散件（更新）'!B:I,8,FALSE) -> 6932485010950
A55: 46169 | B55: FW770100DE | C55: =VLOOKUP(B55,'大货清单（不定期按GOMS更新）'!A:H,8,0) -> 109-24281001 | D55: =VLOOKUP(B55,'大货清单（不定期按GOMS更新）'!A:C,3,0) -> CL2428J-01 | E55: =VLOOKUP(B55,'大货清单（不定期按GOMS更新）'!A:H,4,0) -> DE | F55: =VLOOKUP(B55,'大货清单（不定期按GOMS更新）'!A:H,2,0) -> Floor One Station S9 Scientist | G55: =VLOOKUP(B55,'大货清单（不定期按GOMS更新）'!A:I,9,FALSE) -> 6971745581557 | H55: =VLOOKUP(B55,'大货清单（不定期按GOMS更新）'!A:H,7,0) -> Gray | I55: =VLOOKUP(B55,'大货清单（不定期按GOMS更新）'!A:F,6,FALSE) -> GTM | J55: =VLOOKUP(B55,'大货清单（不定期按GOMS更新）'!A:K,11,FALSE) -> 14.3 | K55: =VLOOKUP(B55,'大货清单（不定期按GOMS更新）'!A:N,12,FALSE) -> 785 | L55: =VLOOKUP(B55,'大货清单（不定期按GOMS更新）'!A:M,13,FALSE) -> 386 | M55: =VLOOKUP(B55,'大货清单（不定期按GOMS更新）'!A:N,14,FALSE) -> 367 | N55: 9SWRR150000 | O55: =IFERROR(VLOOKUP(N55,'散件迭代（不定期更新）'!C:J,8,FALSE),0) -> 0 | P55: =IFERROR(VLOOKUP(N55,'散件（更新）'!B:H,3,FALSE),0) -> 0 | Q55: =VLOOKUP(N55,'散件（更新）'!B:H,2,FALSE) -> 114-25010013 | R55: =VLOOKUP(N55,'散件（更新）'!B:H,7,FALSE) -> Scraper | S55: =VLOOKUP(N55,'散件（更新）'!B:E,4,FALSE) -> https://tineco-yxzt.oss-accelerate.aliyuncs.com/20250828/kechaiguatiaozujian_1756372187799.jpg | U55: =VLOOKUP(N55,'散件（更新）'!B:G,6,FALSE) -> SP;CL2501-01;可拆刮条组件 | V55: =VLOOKUP(N55,'散件（更新）'!B:I,8,FALSE) -> 6932485010943
A56: 46169 | B56: FW310300DE | C56: =VLOOKUP(B56,'大货清单（不定期按GOMS更新）'!A:H,8,0) -> 109-23480601 | D56: =VLOOKUP(B56,'大货清单（不定期按GOMS更新）'!A:C,3,0) -> CL2348F-01 | E56: =VLOOKUP(B56,'大货清单（不定期按GOMS更新）'!A:H,4,0) -> DE,FR,SE,PL,BE,NL,ES,IT,MN,ZA,PE,CL | F56: =VLOOKUP(B56,'大货清单（不定期按GOMS更新）'!A:H,2,0) -> FLOOR ONE SWITCH S6 STRETCH | G56: =VLOOKUP(B56,'大货清单（不定期按GOMS更新）'!A:I,9,FALSE) -> 6932485002290 | H56: =VLOOKUP(B56,'大货清单（不定期按GOMS更新）'!A:H,7,0) -> WHITE&BLACK | I56: =VLOOKUP(B56,'大货清单（不定期按GOMS更新）'!A:F,6,FALSE) -> ACTIVE | J56: =VLOOKUP(B56,'大货清单（不定期按GOMS更新）'!A:K,11,FALSE) -> 12.6 | K56: =VLOOKUP(B56,'大货清单（不定期按GOMS更新）'!A:N,12,FALSE) -> 850 | L56: =VLOOKUP(B56,'大货清单（不定期按GOMS更新）'!A:M,13,FALSE) -> 332 | M56: =VLOOKUP(B56,'大货清单（不定期按GOMS更新）'!A:N,14,FALSE) -> 318 | N56: 9FWBP3100SA | O56: =IFERROR(VLOOKUP(N56,'散件迭代（不定期更新）'!C:J,8,FALSE),0) -> 0 | P56: =IFERROR(VLOOKUP(N56,'散件（更新）'!B:H,3,FALSE),0) -> 0 | Q56: =VLOOKUP(N56,'散件（更新）'!B:H,2,FALSE) -> 114-23481211 | R56: =VLOOKUP(N56,'散件（更新）'!B:H,7,FALSE) -> Carpet Brush | S56: =VLOOKUP(N56,'散件（更新）'!B:E,4,FALSE) -> https://tineco-yxzt.oss-accelerate.aliyuncs.com/20250521/11-carpetbrush_1747825031321.png | T56: water sensor | U56: =VLOOKUP(N56,'散件（更新）'!B:G,6,FALSE) -> SP;CL2348L-02;地刷组件（沙特FB2116A带PTC） | V56: =VLOOKUP(N56,'散件（更新）'!B:I,8,FALSE) -> 6932485008070
A57: 46169 | B57: FW251800DE | C57: =VLOOKUP(B57,'大货清单（不定期按GOMS更新）'!A:H,8,0) -> 109-22200803 | D57: =VLOOKUP(B57,'大货清单（不定期按GOMS更新）'!A:C,3,0) -> CL2220H-03 | E57: =VLOOKUP(B57,'大货清单（不定期按GOMS更新）'!A:H,4,0) -> ES,DE,PL,FR,NL,RO,LT,DK,IT,UA | F57: =VLOOKUP(B57,'大货清单（不定期按GOMS更新）'!A:H,2,0) -> Floor One Switch S7 Pet | G57: =VLOOKUP(B57,'大货清单（不定期按GOMS更新）'!A:I,9,FALSE) -> 6974950108274,'6974950108274, 6974950108274 | H57: =VLOOKUP(B57,'大货清单（不定期按GOMS更新）'!A:H,7,0) -> Blue | I57: =VLOOKUP(B57,'大货清单（不定期按GOMS更新）'!A:F,6,FALSE) -> ACTIVE | J57: =VLOOKUP(B57,'大货清单（不定期按GOMS更新）'!A:K,11,FALSE) -> 15.8 | K57: =VLOOKUP(B57,'大货清单（不定期按GOMS更新）'!A:N,12,FALSE) -> 845 | L57: =VLOOKUP(B57,'大货清单（不定期按GOMS更新）'!A:M,13,FALSE) -> 382 | M57: =VLOOKUP(B57,'大货清单（不定期按GOMS更新）'!A:N,14,FALSE) -> 410 | N57: 9FWRH250200 | O57: =IFERROR(VLOOKUP(N57,'散件迭代（不定期更新）'!C:J,8,FALSE),0) -> 0 | P57: =IFERROR(VLOOKUP(N57,'散件（更新）'!B:H,3,FALSE),0) | Q57: =VLOOKUP(N57,'散件（更新）'!B:H,2,FALSE) -> 114-22200711 | R57: =VLOOKUP(N57,'散件（更新）'!B:H,7,FALSE) -> Lower Decorative Cover | S57: =VLOOKUP(N57,'散件（更新）'!B:E,4,FALSE) -> https://tineco-yxzt.oss-accelerate.aliyuncs.com/20251117/794aaca7-6daa-4914-a742-ef353b11b687_1763342025355.png | T57: for main body | U57: =VLOOKUP(N57,'散件（更新）'!B:G,6,FALSE) -> SP;CL2220G-01;机体下装饰盖 | V57: =VLOOKUP(N57,'散件（更新）'!B:I,8,FALSE) -> 6932485017997
A58: 46169 | B58: FW150400DE | C58: =VLOOKUP(B58,'大货清单（不定期按GOMS更新）'!A:H,8,0) -> 109-20200807 | D58: =VLOOKUP(B58,'大货清单（不定期按GOMS更新）'!A:C,3,0) -> CL2020H-07 | E58: =VLOOKUP(B58,'大货清单（不定期按GOMS更新）'!A:H,4,0) -> FR,DE,IT,NL,PL,SE,MN,BE,ES | F58: =VLOOKUP(B58,'大货清单（不定期按GOMS更新）'!A:H,2,0) -> Floor One S5 Combo Power KIT | G58: =VLOOKUP(B58,'大货清单（不定期按GOMS更新）'!A:I,9,FALSE) -> 6972200198518, 6972200198518 | H58: =VLOOKUP(B58,'大货清单（不定期按GOMS更新）'!A:H,7,0) -> Black | I58: =VLOOKUP(B58,'大货清单（不定期按GOMS更新）'!A:F,6,FALSE) -> ACTIVE | J58: =VLOOKUP(B58,'大货清单（不定期按GOMS更新）'!A:K,11,FALSE) -> 11.6 | K58: =VLOOKUP(B58,'大货清单（不定期按GOMS更新）'!A:N,12,FALSE) -> 444 | L58: =VLOOKUP(B58,'大货清单（不定期按GOMS更新）'!A:M,13,FALSE) -> 304 | M58: =VLOOKUP(B58,'大货清单（不定期按GOMS更新）'!A:N,14,FALSE) -> 676 | N58: 9FWRM100100 | O58: =IFERROR(VLOOKUP(N58,'散件迭代（不定期更新）'!C:J,8,FALSE),0) -> 0 | P58: =IFERROR(VLOOKUP(N58,'散件（更新）'!B:H,3,FALSE),0) -> 206-2019-0116 | Q58: =VLOOKUP(N58,'散件（更新）'!B:H,2,FALSE) -> 114-20190116 | R58: =VLOOKUP(N58,'散件（更新）'!B:H,7,FALSE) -> Motor | S58: =VLOOKUP(N58,'散件（更新）'!B:E,4,FALSE) -> https://tineco-yxzt.oss-accelerate.aliyuncs.com/20231219/9FWRM100100_1702948028155.png | T58: for main body | U58: =VLOOKUP(N58,'散件（更新）'!B:G,6,FALSE) -> 地刷电机齿轮箱组件 | V58: =VLOOKUP(N58,'散件（更新）'!B:I,8,FALSE) -> 6972200197047
A59: 46169 | B59: FW342000DE | C59: =VLOOKUP(B59,'大货清单（不定期按GOMS更新）'!A:H,8,0) -> 109-25430202 | D59: =VLOOKUP(B59,'大货清单（不定期按GOMS更新）'!A:C,3,0) -> CL2543B-02 | E59: =VLOOKUP(B59,'大货清单（不定期按GOMS更新）'!A:H,4,0) -> DE,FR,IT,ES,PL | F59: =VLOOKUP(B59,'大货清单（不定期按GOMS更新）'!A:H,2,0) -> Floor One Stretch S6 Combo | G59: =VLOOKUP(B59,'大货清单（不定期按GOMS更新）'!A:I,9,FALSE) -> 6971745581762 | H59: =VLOOKUP(B59,'大货清单（不定期按GOMS更新）'!A:H,7,0) -> Black & White | I59: =VLOOKUP(B59,'大货清单（不定期按GOMS更新）'!A:F,6,FALSE) -> GTM | J59: =VLOOKUP(B59,'大货清单（不定期按GOMS更新）'!A:K,11,FALSE) -> 9.5 | K59: =VLOOKUP(B59,'大货清单（不定期按GOMS更新）'!A:N,12,FALSE) -> 760 | L59: =VLOOKUP(B59,'大货清单（不定期按GOMS更新）'!A:M,13,FALSE) -> 332 | M59: =VLOOKUP(B59,'大货清单（不定期按GOMS更新）'!A:N,14,FALSE) -> 318 | N59: 9FWUH340100 | O59: =IFERROR(VLOOKUP(N59,'散件迭代（不定期更新）'!C:J,8,FALSE),0) -> 0 | P59: =IFERROR(VLOOKUP(N59,'散件（更新）'!B:H,3,FALSE),0) -> 0 | Q59: =VLOOKUP(N59,'散件（更新）'!B:H,2,FALSE) -> 114-25430400 | R59: =VLOOKUP(N59,'散件（更新）'!B:H,7,FALSE) -> Handle | S59: =VLOOKUP(N59,'散件（更新）'!B:E,4,FALSE) -> https://tineco-yxzt.oss-accelerate.aliyuncs.com/20250902/image20250902-100253_1756778598029.png | T59: for charging base | U59: =VLOOKUP(N59,'散件（更新）'!B:G,6,FALSE) -> SP;CL2543D-01;手柄组件 | V59: =VLOOKUP(N59,'散件（更新）'!B:I,8,FALSE) -> 6932485012251
A60: 46169 | B60: FW342000DE | C60: =VLOOKUP(B60,'大货清单（不定期按GOMS更新）'!A:H,8,0) -> 109-25430202 | D60: =VLOOKUP(B60,'大货清单（不定期按GOMS更新）'!A:C,3,0) -> CL2543B-02 | E60: =VLOOKUP(B60,'大货清单（不定期按GOMS更新）'!A:H,4,0) -> DE,FR,IT,ES,PL | F60: =VLOOKUP(B60,'大货清单（不定期按GOMS更新）'!A:H,2,0) -> Floor One Stretch S6 Combo | G60: =VLOOKUP(B60,'大货清单（不定期按GOMS更新）'!A:I,9,FALSE) -> 6971745581762 | H60: =VLOOKUP(B60,'大货清单（不定期按GOMS更新）'!A:H,7,0) -> Black & White | I60: =VLOOKUP(B60,'大货清单（不定期按GOMS更新）'!A:F,6,FALSE) -> GTM | J60: =VLOOKUP(B60,'大货清单（不定期按GOMS更新）'!A:K,11,FALSE) -> 9.5 | K60: =VLOOKUP(B60,'大货清单（不定期按GOMS更新）'!A:N,12,FALSE) -> 760 | L60: =VLOOKUP(B60,'大货清单（不定期按GOMS更新）'!A:M,13,FALSE) -> 332 | M60: =VLOOKUP(B60,'大货清单（不定期按GOMS更新）'!A:N,14,FALSE) -> 318 | N60: 9FWBR220000 | O60: =IFERROR(VLOOKUP(N60,'散件迭代（不定期更新）'!C:J,8,FALSE),0) -> 0 | P60: =IFERROR(VLOOKUP(N60,'散件（更新）'!B:H,3,FALSE),0) -> / | Q60: =VLOOKUP(N60,'散件（更新）'!B:H,2,FALSE) -> 114-23350408 | R60: =VLOOKUP(N60,'散件（更新）'!B:H,7,FALSE) -> Brush Roller | S60: =VLOOKUP(N60,'散件（更新）'!B:E,4,FALSE) -> https://tineco-yxzt.oss-accelerate.aliyuncs.com/20241021/gunshua_1729475885815.jpeg | T60: wifi PCBA | U60: =VLOOKUP(N60,'散件（更新）'!B:G,6,FALSE) -> 滚刷组件 | V60: =VLOOKUP(N60,'散件（更新）'!B:I,8,FALSE) -> 6974950106188
A61: 46169 | B61: FW342000DE | C61: =VLOOKUP(B61,'大货清单（不定期按GOMS更新）'!A:H,8,0) -> 109-25430202 | D61: =VLOOKUP(B61,'大货清单（不定期按GOMS更新）'!A:C,3,0) -> CL2543B-02 | E61: =VLOOKUP(B61,'大货清单（不定期按GOMS更新）'!A:H,4,0) -> DE,FR,IT,ES,PL | F61: =VLOOKUP(B61,'大货清单（不定期按GOMS更新）'!A:H,2,0) -> Floor One Stretch S6 Combo | G61: =VLOOKUP(B61,'大货清单（不定期按GOMS更新）'!A:I,9,FALSE) -> 6971745581762 | H61: =VLOOKUP(B61,'大货清单（不定期按GOMS更新）'!A:H,7,0) -> Black & White | I61: =VLOOKUP(B61,'大货清单（不定期按GOMS更新）'!A:F,6,FALSE) -> GTM | J61: =VLOOKUP(B61,'大货清单（不定期按GOMS更新）'!A:K,11,FALSE) -> 9.5 | K61: =VLOOKUP(B61,'大货清单（不定期按GOMS更新）'!A:N,12,FALSE) -> 760 | L61: =VLOOKUP(B61,'大货清单（不定期按GOMS更新）'!A:M,13,FALSE) -> 332 | M61: =VLOOKUP(B61,'大货清单（不定期按GOMS更新）'!A:N,14,FALSE) -> 318 | N61: 9FWDA150000 | O61: =IFERROR(VLOOKUP(N61,'散件迭代（不定期更新）'!C:J,8,FALSE),0) -> 0 | P61: =IFERROR(VLOOKUP(N61,'散件（更新）'!B:H,3,FALSE),0) -> 206-2020-0608 | Q61: =VLOOKUP(N61,'散件（更新）'!B:H,2,FALSE) -> 114-20200608 | R61: =VLOOKUP(N61,'散件（更新）'!B:H,7,FALSE) -> Dustbin Assembly | S61: =VLOOKUP(N61,'散件（更新）'!B:E,4,FALSE) -> https://tineco-yxzt.oss-accelerate.aliyuncs.com/20231219/9FWDA150000_1702948014824.png | U61: =VLOOKUP(N61,'散件（更新）'!B:G,6,FALSE) -> 干式尘桶组件 | V61: =VLOOKUP(N61,'散件（更新）'!B:I,8,FALSE) -> 6972200196620
A62: 46169 | B62: FW342000DE | C62: =VLOOKUP(B62,'大货清单（不定期按GOMS更新）'!A:H,8,0) -> 109-25430202 | D62: =VLOOKUP(B62,'大货清单（不定期按GOMS更新）'!A:C,3,0) -> CL2543B-02 | E62: =VLOOKUP(B62,'大货清单（不定期按GOMS更新）'!A:H,4,0) -> DE,FR,IT,ES,PL | F62: =VLOOKUP(B62,'大货清单（不定期按GOMS更新）'!A:H,2,0) -> Floor One Stretch S6 Combo | G62: =VLOOKUP(B62,'大货清单（不定期按GOMS更新）'!A:I,9,FALSE) -> 6971745581762 | H62: =VLOOKUP(B62,'大货清单（不定期按GOMS更新）'!A:H,7,0) -> Black & White | I62: =VLOOKUP(B62,'大货清单（不定期按GOMS更新）'!A:F,6,FALSE) -> GTM | J62: =VLOOKUP(B62,'大货清单（不定期按GOMS更新）'!A:K,11,FALSE) -> 9.5 | K62: =VLOOKUP(B62,'大货清单（不定期按GOMS更新）'!A:N,12,FALSE) -> 760 | L62: =VLOOKUP(B62,'大货清单（不定期按GOMS更新）'!A:M,13,FALSE) -> 332 | M62: =VLOOKUP(B62,'大货清单（不定期按GOMS更新）'!A:N,14,FALSE) -> 318 | N62: 9FWFA400100 | O62: =IFERROR(VLOOKUP(N62,'散件迭代（不定期更新）'!C:J,8,FALSE),0) -> A64 | P62: =IFERROR(VLOOKUP(N62,'散件（更新）'!B:H,3,FALSE),0) -> 0 | Q62: =VLOOKUP(N62,'散件（更新）'!B:H,2,FALSE) -> 114-23280222 | R62: =VLOOKUP(N62,'散件（更新）'!B:H,7,FALSE) -> HEPA Assy | S62: =VLOOKUP(N62,'散件（更新）'!B:E,4,FALSE) -> https://tineco-yxzt.oss-accelerate.aliyuncs.com/20240822/HEPA_1724286749680.jpg | T62: water sensor | U62: =VLOOKUP(N62,'散件（更新）'!B:G,6,FALSE) -> 回收桶过滤器组件 | V62: =VLOOKUP(N62,'散件（更新）'!B:I,8,FALSE) -> 6932485000470
A63: 46169 | B63: FW342000DE | C63: =VLOOKUP(B63,'大货清单（不定期按GOMS更新）'!A:H,8,0) -> 109-25430202 | D63: =VLOOKUP(B63,'大货清单（不定期按GOMS更新）'!A:C,3,0) -> CL2543B-02 | E63: =VLOOKUP(B63,'大货清单（不定期按GOMS更新）'!A:H,4,0) -> DE,FR,IT,ES,PL | F63: =VLOOKUP(B63,'大货清单（不定期按GOMS更新）'!A:H,2,0) -> Floor One Stretch S6 Combo | G63: =VLOOKUP(B63,'大货清单（不定期按GOMS更新）'!A:I,9,FALSE) -> 6971745581762 | H63: =VLOOKUP(B63,'大货清单（不定期按GOMS更新）'!A:H,7,0) -> Black & White | I63: =VLOOKUP(B63,'大货清单（不定期按GOMS更新）'!A:F,6,FALSE) -> GTM | J63: =VLOOKUP(B63,'大货清单（不定期按GOMS更新）'!A:K,11,FALSE) -> 9.5 | K63: =VLOOKUP(B63,'大货清单（不定期按GOMS更新）'!A:N,12,FALSE) -> 760 | L63: =VLOOKUP(B63,'大货清单（不定期按GOMS更新）'!A:M,13,FALSE) -> 332 | M63: =VLOOKUP(B63,'大货清单（不定期按GOMS更新）'!A:N,14,FALSE) -> 318 | N63: 9FWFP150000 | O63: =IFERROR(VLOOKUP(N63,'散件迭代（不定期更新）'!C:J,8,FALSE),0) -> A64 | P63: =IFERROR(VLOOKUP(N63,'散件（更新）'!B:H,3,FALSE),0) -> 206-2020-0607 | Q63: =VLOOKUP(N63,'散件（更新）'!B:H,2,FALSE) -> 114-20200607 | R63: =VLOOKUP(N63,'散件（更新）'!B:H,7,FALSE) -> HEPA | S63: =VLOOKUP(N63,'散件（更新）'!B:E,4,FALSE) -> https://tineco-yxzt.oss-accelerate.aliyuncs.com/20231227/9FWFP150000_1703640265223.png | T63: dirt sensor | U63: =VLOOKUP(N63,'散件（更新）'!B:G,6,FALSE) -> HEPA组合 | V63: =VLOOKUP(N63,'散件（更新）'!B:I,8,FALSE) -> 6972200196613
A64: 46169 | B64: FW342000DE | C64: =VLOOKUP(B64,'大货清单（不定期按GOMS更新）'!A:H,8,0) -> 109-25430202 | D64: =VLOOKUP(B64,'大货清单（不定期按GOMS更新）'!A:C,3,0) -> CL2543B-02 | E64: =VLOOKUP(B64,'大货清单（不定期按GOMS更新）'!A:H,4,0) -> DE,FR,IT,ES,PL | F64: =VLOOKUP(B64,'大货清单（不定期按GOMS更新）'!A:H,2,0) -> Floor One Stretch S6 Combo | G64: =VLOOKUP(B64,'大货清单（不定期按GOMS更新）'!A:I,9,FALSE) -> 6971745581762 | H64: =VLOOKUP(B64,'大货清单（不定期按GOMS更新）'!A:H,7,0) -> Black & White | I64: =VLOOKUP(B64,'大货清单（不定期按GOMS更新）'!A:F,6,FALSE) -> GTM | J64: =VLOOKUP(B64,'大货清单（不定期按GOMS更新）'!A:K,11,FALSE) -> 9.5 | K64: =VLOOKUP(B64,'大货清单（不定期按GOMS更新）'!A:N,12,FALSE) -> 760 | L64: =VLOOKUP(B64,'大货清单（不定期按GOMS更新）'!A:M,13,FALSE) -> 332 | M64: =VLOOKUP(B64,'大货清单（不定期按GOMS更新）'!A:N,14,FALSE) -> 318 | N64: 9FWHA110000 | O64: =IFERROR(VLOOKUP(N64,'散件迭代（不定期更新）'!C:J,8,FALSE),0) -> 0 | P64: =IFERROR(VLOOKUP(N64,'散件（更新）'!B:H,3,FALSE),0) -> 206-2020-0045 | Q64: =VLOOKUP(N64,'散件（更新）'!B:H,2,FALSE) -> 114-20200045 | R64: =VLOOKUP(N64,'散件（更新）'!B:H,7,FALSE) -> Accessory Holder | S64: =VLOOKUP(N64,'散件（更新）'!B:E,4,FALSE) -> https://tineco-yxzt.oss-accelerate.aliyuncs.com/20231219/9FWHA110000_1702948015947.png | U64: =VLOOKUP(N64,'散件（更新）'!B:G,6,FALSE) -> 尘桶附件托盘组件 | V64: =VLOOKUP(N64,'散件（更新）'!B:I,8,FALSE) -> 6972200197245
A65: 46169 | B65: FW342000DE | C65: =VLOOKUP(B65,'大货清单（不定期按GOMS更新）'!A:H,8,0) -> 109-25430202 | D65: =VLOOKUP(B65,'大货清单（不定期按GOMS更新）'!A:C,3,0) -> CL2543B-02 | E65: =VLOOKUP(B65,'大货清单（不定期按GOMS更新）'!A:H,4,0) -> DE,FR,IT,ES,PL | F65: =VLOOKUP(B65,'大货清单（不定期按GOMS更新）'!A:H,2,0) -> Floor One Stretch S6 Combo | G65: =VLOOKUP(B65,'大货清单（不定期按GOMS更新）'!A:I,9,FALSE) -> 6971745581762 | H65: =VLOOKUP(B65,'大货清单（不定期按GOMS更新）'!A:H,7,0) -> Black & White | I65: =VLOOKUP(B65,'大货清单（不定期按GOMS更新）'!A:F,6,FALSE) -> GTM | J65: =VLOOKUP(B65,'大货清单（不定期按GOMS更新）'!A:K,11,FALSE) -> 9.5 | K65: =VLOOKUP(B65,'大货清单（不定期按GOMS更新）'!A:N,12,FALSE) -> 760 | L65: =VLOOKUP(B65,'大货清单（不定期按GOMS更新）'!A:M,13,FALSE) -> 332 | M65: =VLOOKUP(B65,'大货清单（不定期按GOMS更新）'!A:N,14,FALSE) -> 318 | N65: 9FWMB340200 | O65: =IFERROR(VLOOKUP(N65,'散件迭代（不定期更新）'!C:J,8,FALSE),0) -> 0 | P65: =IFERROR(VLOOKUP(N65,'散件（更新）'!B:H,3,FALSE),0) -> 0 | Q65: =VLOOKUP(N65,'散件（更新）'!B:H,2,FALSE) -> 114-25430200 | R65: =VLOOKUP(N65,'散件（更新）'!B:H,7,FALSE) -> Main Body | S65: =VLOOKUP(N65,'散件（更新）'!B:E,4,FALSE) -> https://tineco-yxzt.oss-accelerate.aliyuncs.com/20250826/weixinjietu_20250815090434_1756178054174.png | U65: =VLOOKUP(N65,'散件（更新）'!B:G,6,FALSE) -> SP;CL2543B-01;动力源组件 | V65: =VLOOKUP(N65,'散件（更新）'!B:I,8,FALSE) -> 6975159901635
A66: 46169 | B66: FW342000DE | C66: =VLOOKUP(B66,'大货清单（不定期按GOMS更新）'!A:H,8,0) -> 109-25430202 | D66: =VLOOKUP(B66,'大货清单（不定期按GOMS更新）'!A:C,3,0) -> CL2543B-02 | E66: =VLOOKUP(B66,'大货清单（不定期按GOMS更新）'!A:H,4,0) -> DE,FR,IT,ES,PL | F66: =VLOOKUP(B66,'大货清单（不定期按GOMS更新）'!A:H,2,0) -> Floor One Stretch S6 Combo | G66: =VLOOKUP(B66,'大货清单（不定期按GOMS更新）'!A:I,9,FALSE) -> 6971745581762 | H66: =VLOOKUP(B66,'大货清单（不定期按GOMS更新）'!A:H,7,0) -> Black & White | I66: =VLOOKUP(B66,'大货清单（不定期按GOMS更新）'!A:F,6,FALSE) -> GTM | J66: =VLOOKUP(B66,'大货清单（不定期按GOMS更新）'!A:K,11,FALSE) -> 9.5 | K66: =VLOOKUP(B66,'大货清单（不定期按GOMS更新）'!A:N,12,FALSE) -> 760 | L66: =VLOOKUP(B66,'大货清单（不定期按GOMS更新）'!A:M,13,FALSE) -> 332 | M66: =VLOOKUP(B66,'大货清单（不定期按GOMS更新）'!A:N,14,FALSE) -> 318 | N66: 9FWPB3100EU | O66: =IFERROR(VLOOKUP(N66,'散件迭代（不定期更新）'!C:J,8,FALSE),0) -> 0 | P66: =IFERROR(VLOOKUP(N66,'散件（更新）'!B:H,3,FALSE),0) | Q66: =VLOOKUP(N66,'散件（更新）'!B:H,2,FALSE) -> 114-23480604 | R66: =VLOOKUP(N66,'散件（更新）'!B:H,7,FALSE) -> Charging Base | S66: =VLOOKUP(N66,'散件（更新）'!B:E,4,FALSE) -> https://tineco-yxzt.oss-accelerate.aliyuncs.com/20250110/04-dryingdock_1736502519346.png | U66: =VLOOKUP(N66,'散件（更新）'!B:G,6,FALSE) -> 烘干托盘组件(欧插) | V66: =VLOOKUP(N66,'散件（更新）'!B:I,8,FALSE) -> 6932485003891
A67: 46169 | B67: FW342000DE | C67: =VLOOKUP(B67,'大货清单（不定期按GOMS更新）'!A:H,8,0) -> 109-25430202 | D67: =VLOOKUP(B67,'大货清单（不定期按GOMS更新）'!A:C,3,0) -> CL2543B-02 | E67: =VLOOKUP(B67,'大货清单（不定期按GOMS更新）'!A:H,4,0) -> DE,FR,IT,ES,PL | F67: =VLOOKUP(B67,'大货清单（不定期按GOMS更新）'!A:H,2,0) -> Floor One Stretch S6 Combo | G67: =VLOOKUP(B67,'大货清单（不定期按GOMS更新）'!A:I,9,FALSE) -> 6971745581762 | H67: =VLOOKUP(B67,'大货清单（不定期按GOMS更新）'!A:H,7,0) -> Black & White | I67: =VLOOKUP(B67,'大货清单（不定期按GOMS更新）'!A:F,6,FALSE) -> GTM | J67: =VLOOKUP(B67,'大货清单（不定期按GOMS更新）'!A:K,11,FALSE) -> 9.5 | K67: =VLOOKUP(B67,'大货清单（不定期按GOMS更新）'!A:N,12,FALSE) -> 760 | L67: =VLOOKUP(B67,'大货清单（不定期按GOMS更新）'!A:M,13,FALSE) -> 332 | M67: =VLOOKUP(B67,'大货清单（不定期按GOMS更新）'!A:N,14,FALSE) -> 318 | N67: 9FWRH040000 | O67: =IFERROR(VLOOKUP(N67,'散件迭代（不定期更新）'!C:J,8,FALSE),0) -> 0 | P67: =IFERROR(VLOOKUP(N67,'散件（更新）'!B:H,3,FALSE),0) -> 206-2011-0401 | Q67: =VLOOKUP(N67,'散件（更新）'!B:H,2,FALSE) -> 114-20110401 | R67: =VLOOKUP(N67,'散件（更新）'!B:H,7,FALSE) -> Plastic part | S67: =VLOOKUP(N67,'散件（更新）'!B:E,4,FALSE) -> https://tineco-yxzt.oss-accelerate.aliyuncs.com/20231219/9FWRH040000_1702948025339.png | U67: =VLOOKUP(N67,'散件（更新）'!B:G,6,FALSE) -> 直立限位块 | V67: =VLOOKUP(N67,'散件（更新）'!B:I,8,FALSE) -> 6972200197771
A68: 46169 | B68: FW342000DE | C68: =VLOOKUP(B68,'大货清单（不定期按GOMS更新）'!A:H,8,0) -> 109-25430202 | D68: =VLOOKUP(B68,'大货清单（不定期按GOMS更新）'!A:C,3,0) -> CL2543B-02 | E68: =VLOOKUP(B68,'大货清单（不定期按GOMS更新）'!A:H,4,0) -> DE,FR,IT,ES,PL | F68: =VLOOKUP(B68,'大货清单（不定期按GOMS更新）'!A:H,2,0) -> Floor One Stretch S6 Combo | G68: =VLOOKUP(B68,'大货清单（不定期按GOMS更新）'!A:I,9,FALSE) -> 6971745581762 | H68: =VLOOKUP(B68,'大货清单（不定期按GOMS更新）'!A:H,7,0) -> Black & White | I68: =VLOOKUP(B68,'大货清单（不定期按GOMS更新）'!A:F,6,FALSE) -> GTM | J68: =VLOOKUP(B68,'大货清单（不定期按GOMS更新）'!A:K,11,FALSE) -> 9.5 | K68: =VLOOKUP(B68,'大货清单（不定期按GOMS更新）'!A:N,12,FALSE) -> 760 | L68: =VLOOKUP(B68,'大货清单（不定期按GOMS更新）'!A:M,13,FALSE) -> 332 | M68: =VLOOKUP(B68,'大货清单（不定期按GOMS更新）'!A:N,14,FALSE) -> 318 | N68: 9FWRH060400 | O68: =IFERROR(VLOOKUP(N68,'散件迭代（不定期更新）'!C:J,8,FALSE),0) -> 0 | P68: =IFERROR(VLOOKUP(N68,'散件（更新）'!B:H,3,FALSE),0) | Q68: =VLOOKUP(N68,'散件（更新）'!B:H,2,FALSE) -> 114-23761815 | R68: =VLOOKUP(N68,'散件（更新）'!B:H,7,FALSE) -> plastic part | S68: =VLOOKUP(N68,'散件（更新）'!B:E,4,FALSE) -> https://tineco-yxzt.oss-accelerate.aliyuncs.com/20241219/62_1734590951668.jpg | U68: =VLOOKUP(N68,'散件（更新）'!B:G,6,FALSE) -> 地刷充电头组件 | V68: =VLOOKUP(N68,'散件（更新）'!B:I,8,FALSE) -> 6932485002559
A69: 46169 | B69: FW342000DE | C69: =VLOOKUP(B69,'大货清单（不定期按GOMS更新）'!A:H,8,0) -> 109-25430202 | D69: =VLOOKUP(B69,'大货清单（不定期按GOMS更新）'!A:C,3,0) -> CL2543B-02 | E69: =VLOOKUP(B69,'大货清单（不定期按GOMS更新）'!A:H,4,0) -> DE,FR,IT,ES,PL | F69: =VLOOKUP(B69,'大货清单（不定期按GOMS更新）'!A:H,2,0) -> Floor One Stretch S6 Combo | G69: =VLOOKUP(B69,'大货清单（不定期按GOMS更新）'!A:I,9,FALSE) -> 6971745581762 | H69: =VLOOKUP(B69,'大货清单（不定期按GOMS更新）'!A:H,7,0) -> Black & White | I69: =VLOOKUP(B69,'大货清单（不定期按GOMS更新）'!A:F,6,FALSE) -> GTM | J69: =VLOOKUP(B69,'大货清单（不定期按GOMS更新）'!A:K,11,FALSE) -> 9.5 | K69: =VLOOKUP(B69,'大货清单（不定期按GOMS更新）'!A:N,12,FALSE) -> 760 | L69: =VLOOKUP(B69,'大货清单（不定期按GOMS更新）'!A:M,13,FALSE) -> 332 | M69: =VLOOKUP(B69,'大货清单（不定期按GOMS更新）'!A:N,14,FALSE) -> 318 | N69: 9FWRH100800 | O69: =IFERROR(VLOOKUP(N69,'散件迭代（不定期更新）'!C:J,8,FALSE),0) -> 0 | P69: =IFERROR(VLOOKUP(N69,'散件（更新）'!B:H,3,FALSE),0) -> / | Q69: =VLOOKUP(N69,'散件（更新）'!B:H,2,FALSE) -> 114-20191901 | R69: =VLOOKUP(N69,'散件（更新）'!B:H,7,FALSE) -> plastic part | S69: =VLOOKUP(N69,'散件（更新）'!B:E,4,FALSE) -> 0 | U69: =VLOOKUP(N69,'散件（更新）'!B:G,6,FALSE) -> S5水管套装 | V69: =VLOOKUP(N69,'散件（更新）'!B:I,8,FALSE) -> 6974950102210
A70: 46169 | B70: FW342000DE | C70: =VLOOKUP(B70,'大货清单（不定期按GOMS更新）'!A:H,8,0) -> 109-25430202 | D70: =VLOOKUP(B70,'大货清单（不定期按GOMS更新）'!A:C,3,0) -> CL2543B-02 | E70: =VLOOKUP(B70,'大货清单（不定期按GOMS更新）'!A:H,4,0) -> DE,FR,IT,ES,PL | F70: =VLOOKUP(B70,'大货清单（不定期按GOMS更新）'!A:H,2,0) -> Floor One Stretch S6 Combo | G70: =VLOOKUP(B70,'大货清单（不定期按GOMS更新）'!A:I,9,FALSE) -> 6971745581762 | H70: =VLOOKUP(B70,'大货清单（不定期按GOMS更新）'!A:H,7,0) -> Black & White | I70: =VLOOKUP(B70,'大货清单（不定期按GOMS更新）'!A:F,6,FALSE) -> GTM | J70: =VLOOKUP(B70,'大货清单（不定期按GOMS更新）'!A:K,11,FALSE) -> 9.5 | K70: =VLOOKUP(B70,'大货清单（不定期按GOMS更新）'!A:N,12,FALSE) -> 760 | L70: =VLOOKUP(B70,'大货清单（不定期按GOMS更新）'!A:M,13,FALSE) -> 332 | M70: =VLOOKUP(B70,'大货清单（不定期按GOMS更新）'!A:N,14,FALSE) -> 318 | N70: 9FWRH2D0300 | O70: =IFERROR(VLOOKUP(N70,'散件迭代（不定期更新）'!C:J,8,FALSE),0) -> 0 | P70: =IFERROR(VLOOKUP(N70,'散件（更新）'!B:H,3,FALSE),0) | Q70: =VLOOKUP(N70,'散件（更新）'!B:H,2,FALSE) -> 114-25400301 | R70: =VLOOKUP(N70,'散件（更新）'!B:H,7,FALSE) -> Water Tank Cap Assembly | S70: =VLOOKUP(N70,'散件（更新）'!B:E,4,FALSE) -> https://tineco-yxzt.oss-accelerate.aliyuncs.com/20260203/weixinjietu_20260203095924_1770084000550.png | U70: =VLOOKUP(N70,'散件（更新）'!B:G,6,FALSE) -> SP;CL2540C-01;水箱盖组件 | V70: =VLOOKUP(N70,'散件（更新）'!B:I,8,FALSE) -> 6932485021871
A71: 46169 | B71: FW342000DE | C71: =VLOOKUP(B71,'大货清单（不定期按GOMS更新）'!A:H,8,0) -> 109-25430202 | D71: =VLOOKUP(B71,'大货清单（不定期按GOMS更新）'!A:C,3,0) -> CL2543B-02 | E71: =VLOOKUP(B71,'大货清单（不定期按GOMS更新）'!A:H,4,0) -> DE,FR,IT,ES,PL | F71: =VLOOKUP(B71,'大货清单（不定期按GOMS更新）'!A:H,2,0) -> Floor One Stretch S6 Combo | G71: =VLOOKUP(B71,'大货清单（不定期按GOMS更新）'!A:I,9,FALSE) -> 6971745581762 | H71: =VLOOKUP(B71,'大货清单（不定期按GOMS更新）'!A:H,7,0) -> Black & White | I71: =VLOOKUP(B71,'大货清单（不定期按GOMS更新）'!A:F,6,FALSE) -> GTM | J71: =VLOOKUP(B71,'大货清单（不定期按GOMS更新）'!A:K,11,FALSE) -> 9.5 | K71: =VLOOKUP(B71,'大货清单（不定期按GOMS更新）'!A:N,12,FALSE) -> 760 | L71: =VLOOKUP(B71,'大货清单（不定期按GOMS更新）'!A:M,13,FALSE) -> 332 | M71: =VLOOKUP(B71,'大货清单（不定期按GOMS更新）'!A:N,14,FALSE) -> 318 | N71: 9FWRH340000 | O71: =IFERROR(VLOOKUP(N71,'散件迭代（不定期更新）'!C:J,8,FALSE),0) -> 0 | P71: =IFERROR(VLOOKUP(N71,'散件（更新）'!B:H,3,FALSE),0) -> 0 | Q71: =VLOOKUP(N71,'散件（更新）'!B:H,2,FALSE) -> 114-25430004 | R71: =VLOOKUP(N71,'散件（更新）'!B:H,7,FALSE) -> plastic part | S71: =VLOOKUP(N71,'散件（更新）'!B:E,4,FALSE) -> https://tineco-yxzt.oss-accelerate.aliyuncs.com/20250826/weixinjietu_20250815092132_1756177689843.png | U71: =VLOOKUP(N71,'散件（更新）'!B:G,6,FALSE) -> SP;CL2543-01;转接头组件（带锁扣） | V71: =VLOOKUP(N71,'散件（更新）'!B:I,8,FALSE) -> 6975159901598
A72: 46169 | B72: FW342000DE | C72: =VLOOKUP(B72,'大货清单（不定期按GOMS更新）'!A:H,8,0) -> 109-25430202 | D72: =VLOOKUP(B72,'大货清单（不定期按GOMS更新）'!A:C,3,0) -> CL2543B-02 | E72: =VLOOKUP(B72,'大货清单（不定期按GOMS更新）'!A:H,4,0) -> DE,FR,IT,ES,PL | F72: =VLOOKUP(B72,'大货清单（不定期按GOMS更新）'!A:H,2,0) -> Floor One Stretch S6 Combo | G72: =VLOOKUP(B72,'大货清单（不定期按GOMS更新）'!A:I,9,FALSE) -> 6971745581762 | H72: =VLOOKUP(B72,'大货清单（不定期按GOMS更新）'!A:H,7,0) -> Black & White | I72: =VLOOKUP(B72,'大货清单（不定期按GOMS更新）'!A:F,6,FALSE) -> GTM | J72: =VLOOKUP(B72,'大货清单（不定期按GOMS更新）'!A:K,11,FALSE) -> 9.5 | K72: =VLOOKUP(B72,'大货清单（不定期按GOMS更新）'!A:N,12,FALSE) -> 760 | L72: =VLOOKUP(B72,'大货清单（不定期按GOMS更新）'!A:M,13,FALSE) -> 332 | M72: =VLOOKUP(B72,'大货清单（不定期按GOMS更新）'!A:N,14,FALSE) -> 318 | N72: 9FWRH400200 | O72: =IFERROR(VLOOKUP(N72,'散件迭代（不定期更新）'!C:J,8,FALSE),0) -> 0 | P72: =IFERROR(VLOOKUP(N72,'散件（更新）'!B:H,3,FALSE),0) -> 0 | Q72: =VLOOKUP(N72,'散件（更新）'!B:H,2,FALSE) -> 114-23280214 | R72: =VLOOKUP(N72,'散件（更新）'!B:H,7,FALSE) -> plastic part | S72: =VLOOKUP(N72,'散件（更新）'!B:E,4,FALSE) -> https://tineco-yxzt.oss-accelerate.aliyuncs.com/20240306/shuixiangxiashuifazujian_1709692518244.GIF | T72: tube | U72: =VLOOKUP(N72,'散件（更新）'!B:G,6,FALSE) -> 水箱下水阀组件 | V72: =VLOOKUP(N72,'散件（更新）'!B:I,8,FALSE) -> 6974950107246
A73: 46169 | B73: FW342000DE | C73: =VLOOKUP(B73,'大货清单（不定期按GOMS更新）'!A:H,8,0) -> 109-25430202 | D73: =VLOOKUP(B73,'大货清单（不定期按GOMS更新）'!A:C,3,0) -> CL2543B-02 | E73: =VLOOKUP(B73,'大货清单（不定期按GOMS更新）'!A:H,4,0) -> DE,FR,IT,ES,PL | F73: =VLOOKUP(B73,'大货清单（不定期按GOMS更新）'!A:H,2,0) -> Floor One Stretch S6 Combo | G73: =VLOOKUP(B73,'大货清单（不定期按GOMS更新）'!A:I,9,FALSE) -> 6971745581762 | H73: =VLOOKUP(B73,'大货清单（不定期按GOMS更新）'!A:H,7,0) -> Black & White | I73: =VLOOKUP(B73,'大货清单（不定期按GOMS更新）'!A:F,6,FALSE) -> GTM | J73: =VLOOKUP(B73,'大货清单（不定期按GOMS更新）'!A:K,11,FALSE) -> 9.5 | K73: =VLOOKUP(B73,'大货清单（不定期按GOMS更新）'!A:N,12,FALSE) -> 760 | L73: =VLOOKUP(B73,'大货清单（不定期按GOMS更新）'!A:M,13,FALSE) -> 332 | M73: =VLOOKUP(B73,'大货清单（不定期按GOMS更新）'!A:N,14,FALSE) -> 318 | N73: 9FWRH400500 | O73: =IFERROR(VLOOKUP(N73,'散件迭代（不定期更新）'!C:J,8,FALSE),0) -> 0 | P73: =IFERROR(VLOOKUP(N73,'散件（更新）'!B:H,3,FALSE),0) | Q73: =VLOOKUP(N73,'散件（更新）'!B:H,2,FALSE) -> 114-23280223 | R73: =VLOOKUP(N73,'散件（更新）'!B:H,7,FALSE) -> plastic part | S73: =VLOOKUP(N73,'散件（更新）'!B:E,4,FALSE) -> 0 | U73: =VLOOKUP(N73,'散件（更新）'!B:G,6,FALSE) -> SP;CL2328B-01;地刷底座组件 | V73: =VLOOKUP(N73,'散件（更新）'!B:I,8,FALSE) -> 6932485001132
A74: 46169 | B74: FW342000DE | C74: =VLOOKUP(B74,'大货清单（不定期按GOMS更新）'!A:H,8,0) -> 109-25430202 | D74: =VLOOKUP(B74,'大货清单（不定期按GOMS更新）'!A:C,3,0) -> CL2543B-02 | E74: =VLOOKUP(B74,'大货清单（不定期按GOMS更新）'!A:H,4,0) -> DE,FR,IT,ES,PL | F74: =VLOOKUP(B74,'大货清单（不定期按GOMS更新）'!A:H,2,0) -> Floor One Stretch S6 Combo | G74: =VLOOKUP(B74,'大货清单（不定期按GOMS更新）'!A:I,9,FALSE) -> 6971745581762 | H74: =VLOOKUP(B74,'大货清单（不定期按GOMS更新）'!A:H,7,0) -> Black & White | I74: =VLOOKUP(B74,'大货清单（不定期按GOMS更新）'!A:F,6,FALSE) -> GTM | J74: =VLOOKUP(B74,'大货清单（不定期按GOMS更新）'!A:K,11,FALSE) -> 9.5 | K74: =VLOOKUP(B74,'大货清单（不定期按GOMS更新）'!A:N,12,FALSE) -> 760 | L74: =VLOOKUP(B74,'大货清单（不定期按GOMS更新）'!A:M,13,FALSE) -> 332 | M74: =VLOOKUP(B74,'大货清单（不定期按GOMS更新）'!A:N,14,FALSE) -> 318 | N74: 9FWRH4300US | O74: =IFERROR(VLOOKUP(N74,'散件迭代（不定期更新）'!C:J,8,FALSE),0) -> 0 | P74: =IFERROR(VLOOKUP(N74,'散件（更新）'!B:H,3,FALSE),0) | Q74: =VLOOKUP(N74,'散件（更新）'!B:H,2,FALSE) -> 114-24580806 | R74: =VLOOKUP(N74,'散件（更新）'!B:H,7,FALSE) -> plastic part | S74: =VLOOKUP(N74,'散件（更新）'!B:E,4,FALSE) -> https://tineco-yxzt.oss-accelerate.aliyuncs.com/20250331/penshuibanzujian_1743413231769.gif | U74: =VLOOKUP(N74,'散件（更新）'!B:G,6,FALSE) -> SP;CL2458H-01;喷水板组件 | V74: =VLOOKUP(N74,'散件（更新）'!B:I,8,FALSE) -> 6932485006571
A75: 46169 | B75: FW342000DE | C75: =VLOOKUP(B75,'大货清单（不定期按GOMS更新）'!A:H,8,0) -> 109-25430202 | D75: =VLOOKUP(B75,'大货清单（不定期按GOMS更新）'!A:C,3,0) -> CL2543B-02 | E75: =VLOOKUP(B75,'大货清单（不定期按GOMS更新）'!A:H,4,0) -> DE,FR,IT,ES,PL | F75: =VLOOKUP(B75,'大货清单（不定期按GOMS更新）'!A:H,2,0) -> Floor One Stretch S6 Combo | G75: =VLOOKUP(B75,'大货清单（不定期按GOMS更新）'!A:I,9,FALSE) -> 6971745581762 | H75: =VLOOKUP(B75,'大货清单（不定期按GOMS更新）'!A:H,7,0) -> Black & White | I75: =VLOOKUP(B75,'大货清单（不定期按GOMS更新）'!A:F,6,FALSE) -> GTM | J75: =VLOOKUP(B75,'大货清单（不定期按GOMS更新）'!A:K,11,FALSE) -> 9.5 | K75: =VLOOKUP(B75,'大货清单（不定期按GOMS更新）'!A:N,12,FALSE) -> 760 | L75: =VLOOKUP(B75,'大货清单（不定期按GOMS更新）'!A:M,13,FALSE) -> 332 | M75: =VLOOKUP(B75,'大货清单（不定期按GOMS更新）'!A:N,14,FALSE) -> 318 | N75: 9FWRH4301US | O75: =IFERROR(VLOOKUP(N75,'散件迭代（不定期更新）'!C:J,8,FALSE),0) -> 0 | P75: =IFERROR(VLOOKUP(N75,'散件（更新）'!B:H,3,FALSE),0) | Q75: =VLOOKUP(N75,'散件（更新）'!B:H,2,FALSE) -> 114-24580807 | R75: =VLOOKUP(N75,'散件（更新）'!B:H,7,FALSE) -> plastic part | S75: =VLOOKUP(N75,'散件（更新）'!B:E,4,FALSE) -> https://tineco-yxzt.oss-accelerate.aliyuncs.com/20250331/weixinjietu_20250326165223_1743413259241.png | U75: =VLOOKUP(N75,'散件（更新）'!B:G,6,FALSE) -> SP;CL2458H-01;回收桶进气接头包胶组件 | V75: =VLOOKUP(N75,'散件（更新）'!B:I,8,FALSE) -> 6932485006588
A76: 46169 | B76: FW342000DE | C76: =VLOOKUP(B76,'大货清单（不定期按GOMS更新）'!A:H,8,0) -> 109-25430202 | D76: =VLOOKUP(B76,'大货清单（不定期按GOMS更新）'!A:C,3,0) -> CL2543B-02 | E76: =VLOOKUP(B76,'大货清单（不定期按GOMS更新）'!A:H,4,0) -> DE,FR,IT,ES,PL | F76: =VLOOKUP(B76,'大货清单（不定期按GOMS更新）'!A:H,2,0) -> Floor One Stretch S6 Combo | G76: =VLOOKUP(B76,'大货清单（不定期按GOMS更新）'!A:I,9,FALSE) -> 6971745581762 | H76: =VLOOKUP(B76,'大货清单（不定期按GOMS更新）'!A:H,7,0) -> Black & White | I76: =VLOOKUP(B76,'大货清单（不定期按GOMS更新）'!A:F,6,FALSE) -> GTM | J76: =VLOOKUP(B76,'大货清单（不定期按GOMS更新）'!A:K,11,FALSE) -> 9.5 | K76: =VLOOKUP(B76,'大货清单（不定期按GOMS更新）'!A:N,12,FALSE) -> 760 | L76: =VLOOKUP(B76,'大货清单（不定期按GOMS更新）'!A:M,13,FALSE) -> 332 | M76: =VLOOKUP(B76,'大货清单（不定期按GOMS更新）'!A:N,14,FALSE) -> 318 | N76: 9FWRH440200 | O76: =IFERROR(VLOOKUP(N76,'散件迭代（不定期更新）'!C:J,8,FALSE),0) -> 0 | P76: =IFERROR(VLOOKUP(N76,'散件（更新）'!B:H,3,FALSE),0) -> 0 | Q76: =VLOOKUP(N76,'散件（更新）'!B:H,2,FALSE) -> 114-23760604 | R76: =VLOOKUP(N76,'散件（更新）'!B:H,7,FALSE) -> plastic part | S76: =VLOOKUP(N76,'散件（更新）'!B:E,4,FALSE) -> https://tineco-yxzt.oss-accelerate.aliyuncs.com/20250429/weixinjietu_20250429085936_1745890865944.png | U76: =VLOOKUP(N76,'散件（更新）'!B:G,6,FALSE) -> SP;CL2376F-01;机体后盖上盖 | V76: =VLOOKUP(N76,'散件（更新）'!B:I,8,FALSE) -> 6932485007226
A77: 46169 | B77: FW342000DE | C77: =VLOOKUP(B77,'大货清单（不定期按GOMS更新）'!A:H,8,0) -> 109-25430202 | D77: =VLOOKUP(B77,'大货清单（不定期按GOMS更新）'!A:C,3,0) -> CL2543B-02 | E77: =VLOOKUP(B77,'大货清单（不定期按GOMS更新）'!A:H,4,0) -> DE,FR,IT,ES,PL | F77: =VLOOKUP(B77,'大货清单（不定期按GOMS更新）'!A:H,2,0) -> Floor One Stretch S6 Combo | G77: =VLOOKUP(B77,'大货清单（不定期按GOMS更新）'!A:I,9,FALSE) -> 6971745581762 | H77: =VLOOKUP(B77,'大货清单（不定期按GOMS更新）'!A:H,7,0) -> Black & White | I77: =VLOOKUP(B77,'大货清单（不定期按GOMS更新）'!A:F,6,FALSE) -> GTM | J77: =VLOOKUP(B77,'大货清单（不定期按GOMS更新）'!A:K,11,FALSE) -> 9.5 | K77: =VLOOKUP(B77,'大货清单（不定期按GOMS更新）'!A:N,12,FALSE) -> 760 | L77: =VLOOKUP(B77,'大货清单（不定期按GOMS更新）'!A:M,13,FALSE) -> 332 | M77: =VLOOKUP(B77,'大货清单（不定期按GOMS更新）'!A:N,14,FALSE) -> 318 | N77: 9FWRH510900 | O77: =IFERROR(VLOOKUP(N77,'散件迭代（不定期更新）'!C:J,8,FALSE),0) -> 0 | P77: =IFERROR(VLOOKUP(N77,'散件（更新）'!B:H,3,FALSE),0) | Q77: =VLOOKUP(N77,'散件（更新）'!B:H,2,FALSE) -> 114-24280324 | R77: =VLOOKUP(N77,'散件（更新）'!B:H,7,FALSE) -> Brush Roller Motor Cover | S77: =VLOOKUP(N77,'散件（更新）'!B:E,4,FALSE) -> https://tineco-yxzt.oss-accelerate.aliyuncs.com/20260210/youshuadianjishoubinggaiban_1770686488756.png | U77: =VLOOKUP(N77,'散件（更新）'!B:G,6,FALSE) -> SP;CL2428C-01;有刷电机手柄盖板组件 | V77: =VLOOKUP(N77,'散件（更新）'!B:I,8,FALSE) -> 6932485020843
A78: 46169 | B78: FW342000DE | C78: =VLOOKUP(B78,'大货清单（不定期按GOMS更新）'!A:H,8,0) -> 109-25430202 | D78: =VLOOKUP(B78,'大货清单（不定期按GOMS更新）'!A:C,3,0) -> CL2543B-02 | E78: =VLOOKUP(B78,'大货清单（不定期按GOMS更新）'!A:H,4,0) -> DE,FR,IT,ES,PL | F78: =VLOOKUP(B78,'大货清单（不定期按GOMS更新）'!A:H,2,0) -> Floor One Stretch S6 Combo | G78: =VLOOKUP(B78,'大货清单（不定期按GOMS更新）'!A:I,9,FALSE) -> 6971745581762 | H78: =VLOOKUP(B78,'大货清单（不定期按GOMS更新）'!A:H,7,0) -> Black & White | I78: =VLOOKUP(B78,'大货清单（不定期按GOMS更新）'!A:F,6,FALSE) -> GTM | J78: =VLOOKUP(B78,'大货清单（不定期按GOMS更新）'!A:K,11,FALSE) -> 9.5 | K78: =VLOOKUP(B78,'大货清单（不定期按GOMS更新）'!A:N,12,FALSE) -> 760 | L78: =VLOOKUP(B78,'大货清单（不定期按GOMS更新）'!A:M,13,FALSE) -> 332 | M78: =VLOOKUP(B78,'大货清单（不定期按GOMS更新）'!A:N,14,FALSE) -> 318 | N78: 9FWRH630000 | O78: =IFERROR(VLOOKUP(N78,'散件迭代（不定期更新）'!C:J,8,FALSE),0) -> 0 | P78: =IFERROR(VLOOKUP(N78,'散件（更新）'!B:H,3,FALSE),0) | Q78: =VLOOKUP(N78,'散件（更新）'!B:H,2,FALSE) -> 114-25620402 | R78: =VLOOKUP(N78,'散件（更新）'!B:H,7,FALSE) -> Lower Decorative Cover | S78: =VLOOKUP(N78,'散件（更新）'!B:E,4,FALSE) -> https://tineco-yxzt.oss-accelerate.aliyuncs.com/20260123/114-25620402-jitixiazhuangshigai_1769143825985.png | U78: =VLOOKUP(N78,'散件（更新）'!B:G,6,FALSE) -> SP;CL2562D-01;机体下装饰盖 | V78: =VLOOKUP(N78,'散件（更新）'!B:I,8,FALSE) -> 6932485021345
A79: 46169 | B79: FW342000DE | C79: =VLOOKUP(B79,'大货清单（不定期按GOMS更新）'!A:H,8,0) -> 109-25430202 | D79: =VLOOKUP(B79,'大货清单（不定期按GOMS更新）'!A:C,3,0) -> CL2543B-02 | E79: =VLOOKUP(B79,'大货清单（不定期按GOMS更新）'!A:H,4,0) -> DE,FR,IT,ES,PL | F79: =VLOOKUP(B79,'大货清单（不定期按GOMS更新）'!A:H,2,0) -> Floor One Stretch S6 Combo | G79: =VLOOKUP(B79,'大货清单（不定期按GOMS更新）'!A:I,9,FALSE) -> 6971745581762 | H79: =VLOOKUP(B79,'大货清单（不定期按GOMS更新）'!A:H,7,0) -> Black & White | I79: =VLOOKUP(B79,'大货清单（不定期按GOMS更新）'!A:F,6,FALSE) -> GTM | J79: =VLOOKUP(B79,'大货清单（不定期按GOMS更新）'!A:K,11,FALSE) -> 9.5 | K79: =VLOOKUP(B79,'大货清单（不定期按GOMS更新）'!A:N,12,FALSE) -> 760 | L79: =VLOOKUP(B79,'大货清单（不定期按GOMS更新）'!A:M,13,FALSE) -> 332 | M79: =VLOOKUP(B79,'大货清单（不定期按GOMS更新）'!A:N,14,FALSE) -> 318 | N79: 9FWRI310000 | O79: =IFERROR(VLOOKUP(N79,'散件迭代（不定期更新）'!C:J,8,FALSE),0) -> 0 | P79: =IFERROR(VLOOKUP(N79,'散件（更新）'!B:H,3,FALSE),0) | Q79: =VLOOKUP(N79,'散件（更新）'!B:H,2,FALSE) -> 114-23480606 | R79: =VLOOKUP(N79,'散件（更新）'!B:H,7,FALSE) -> Wire | S79: =VLOOKUP(N79,'散件（更新）'!B:E,4,FALSE) -> https://tineco-yxzt.oss-accelerate.aliyuncs.com/20250110/06-jishengongchazhuanjiebanzujian_1736502976370.png | U79: =VLOOKUP(N79,'散件（更新）'!B:G,6,FALSE) -> 机身公插转接板组件 | V79: =VLOOKUP(N79,'散件（更新）'!B:I,8,FALSE) -> 6932485003914
A80: 46169 | B80: FW342000DE | C80: =VLOOKUP(B80,'大货清单（不定期按GOMS更新）'!A:H,8,0) -> 109-25430202 | D80: =VLOOKUP(B80,'大货清单（不定期按GOMS更新）'!A:C,3,0) -> CL2543B-02 | E80: =VLOOKUP(B80,'大货清单（不定期按GOMS更新）'!A:H,4,0) -> DE,FR,IT,ES,PL | F80: =VLOOKUP(B80,'大货清单（不定期按GOMS更新）'!A:H,2,0) -> Floor One Stretch S6 Combo | G80: =VLOOKUP(B80,'大货清单（不定期按GOMS更新）'!A:I,9,FALSE) -> 6971745581762 | H80: =VLOOKUP(B80,'大货清单（不定期按GOMS更新）'!A:H,7,0) -> Black & White | I80: =VLOOKUP(B80,'大货清单（不定期按GOMS更新）'!A:F,6,FALSE) -> GTM | J80: =VLOOKUP(B80,'大货清单（不定期按GOMS更新）'!A:K,11,FALSE) -> 9.5 | K80: =VLOOKUP(B80,'大货清单（不定期按GOMS更新）'!A:N,12,FALSE) -> 760 | L80: =VLOOKUP(B80,'大货清单（不定期按GOMS更新）'!A:M,13,FALSE) -> 332 | M80: =VLOOKUP(B80,'大货清单（不定期按GOMS更新）'!A:N,14,FALSE) -> 318 | N80: 9FWRI3102EU | O80: =IFERROR(VLOOKUP(N80,'散件迭代（不定期更新）'!C:J,8,FALSE),0) -> 0 | P80: =IFERROR(VLOOKUP(N80,'散件（更新）'!B:H,3,FALSE),0) | Q80: =VLOOKUP(N80,'散件（更新）'!B:H,2,FALSE) -> 114-23480614 | R80: =VLOOKUP(N80,'散件（更新）'!B:H,7,FALSE) -> Wire | S80: =VLOOKUP(N80,'散件（更新）'!B:E,4,FALSE) -> 0 | U80: =VLOOKUP(N80,'散件（更新）'!B:G,6,FALSE) -> 电源线（欧插） | V80: =VLOOKUP(N80,'散件（更新）'!B:I,8,FALSE) -> 6932485003990
A81: 46169 | B81: FW342000DE | C81: =VLOOKUP(B81,'大货清单（不定期按GOMS更新）'!A:H,8,0) -> 109-25430202 | D81: =VLOOKUP(B81,'大货清单（不定期按GOMS更新）'!A:C,3,0) -> CL2543B-02 | E81: =VLOOKUP(B81,'大货清单（不定期按GOMS更新）'!A:H,4,0) -> DE,FR,IT,ES,PL | F81: =VLOOKUP(B81,'大货清单（不定期按GOMS更新）'!A:H,2,0) -> Floor One Stretch S6 Combo | G81: =VLOOKUP(B81,'大货清单（不定期按GOMS更新）'!A:I,9,FALSE) -> 6971745581762 | H81: =VLOOKUP(B81,'大货清单（不定期按GOMS更新）'!A:H,7,0) -> Black & White | I81: =VLOOKUP(B81,'大货清单（不定期按GOMS更新）'!A:F,6,FALSE) -> GTM | J81: =VLOOKUP(B81,'大货清单（不定期按GOMS更新）'!A:K,11,FALSE) -> 9.5 | K81: =VLOOKUP(B81,'大货清单（不定期按GOMS更新）'!A:N,12,FALSE) -> 760 | L81: =VLOOKUP(B81,'大货清单（不定期按GOMS更新）'!A:M,13,FALSE) -> 332 | M81: =VLOOKUP(B81,'大货清单（不定期按GOMS更新）'!A:N,14,FALSE) -> 318 | N81: 9FWRI340000 | O81: =IFERROR(VLOOKUP(N81,'散件迭代（不定期更新）'!C:J,8,FALSE),0) -> 0 | P81: =IFERROR(VLOOKUP(N81,'散件（更新）'!B:H,3,FALSE),0) -> 0 | Q81: =VLOOKUP(N81,'散件（更新）'!B:H,2,FALSE) -> 114-25430005 | R81: =VLOOKUP(N81,'散件（更新）'!B:H,7,FALSE) -> Wire | S81: =VLOOKUP(N81,'散件（更新）'!B:E,4,FALSE) -> https://tineco-yxzt.oss-accelerate.aliyuncs.com/20250826/weixinjietu_20250826110934_1756177787283.png | U81: =VLOOKUP(N81,'散件（更新）'!B:G,6,FALSE) -> SP;CL2543-01;烘干托盘充电导线组件 | V81: =VLOOKUP(N81,'散件（更新）'!B:I,8,FALSE) -> 6975159901604
A82: 46169 | B82: FW342000DE | C82: =VLOOKUP(B82,'大货清单（不定期按GOMS更新）'!A:H,8,0) -> 109-25430202 | D82: =VLOOKUP(B82,'大货清单（不定期按GOMS更新）'!A:C,3,0) -> CL2543B-02 | E82: =VLOOKUP(B82,'大货清单（不定期按GOMS更新）'!A:H,4,0) -> DE,FR,IT,ES,PL | F82: =VLOOKUP(B82,'大货清单（不定期按GOMS更新）'!A:H,2,0) -> Floor One Stretch S6 Combo | G82: =VLOOKUP(B82,'大货清单（不定期按GOMS更新）'!A:I,9,FALSE) -> 6971745581762 | H82: =VLOOKUP(B82,'大货清单（不定期按GOMS更新）'!A:H,7,0) -> Black & White | I82: =VLOOKUP(B82,'大货清单（不定期按GOMS更新）'!A:F,6,FALSE) -> GTM | J82: =VLOOKUP(B82,'大货清单（不定期按GOMS更新）'!A:K,11,FALSE) -> 9.5 | K82: =VLOOKUP(B82,'大货清单（不定期按GOMS更新）'!A:N,12,FALSE) -> 760 | L82: =VLOOKUP(B82,'大货清单（不定期按GOMS更新）'!A:M,13,FALSE) -> 332 | M82: =VLOOKUP(B82,'大货清单（不定期按GOMS更新）'!A:N,14,FALSE) -> 318 | N82: 9FWRI400000 | O82: =IFERROR(VLOOKUP(N82,'散件迭代（不定期更新）'!C:J,8,FALSE),0) -> 0 | P82: =IFERROR(VLOOKUP(N82,'散件（更新）'!B:H,3,FALSE),0) -> 0 | Q82: =VLOOKUP(N82,'散件（更新）'!B:H,2,FALSE) -> 114-23280211 | R82: =VLOOKUP(N82,'散件（更新）'!B:H,7,FALSE) -> Wire | S82: =VLOOKUP(N82,'散件（更新）'!B:E,4,FALSE) -> https://tineco-yxzt.oss-accelerate.aliyuncs.com/20240306/xinhaojiance_1709692284161.GIF | U82: =VLOOKUP(N82,'散件（更新）'!B:G,6,FALSE) -> 回收桶信号检测组件 | V82: =VLOOKUP(N82,'散件（更新）'!B:I,8,FALSE) -> 6974950107215
A83: 46169 | B83: FW342000DE | C83: =VLOOKUP(B83,'大货清单（不定期按GOMS更新）'!A:H,8,0) -> 109-25430202 | D83: =VLOOKUP(B83,'大货清单（不定期按GOMS更新）'!A:C,3,0) -> CL2543B-02 | E83: =VLOOKUP(B83,'大货清单（不定期按GOMS更新）'!A:H,4,0) -> DE,FR,IT,ES,PL | F83: =VLOOKUP(B83,'大货清单（不定期按GOMS更新）'!A:H,2,0) -> Floor One Stretch S6 Combo | G83: =VLOOKUP(B83,'大货清单（不定期按GOMS更新）'!A:I,9,FALSE) -> 6971745581762 | H83: =VLOOKUP(B83,'大货清单（不定期按GOMS更新）'!A:H,7,0) -> Black & White | I83: =VLOOKUP(B83,'大货清单（不定期按GOMS更新）'!A:F,6,FALSE) -> GTM | J83: =VLOOKUP(B83,'大货清单（不定期按GOMS更新）'!A:K,11,FALSE) -> 9.5 | K83: =VLOOKUP(B83,'大货清单（不定期按GOMS更新）'!A:N,12,FALSE) -> 760 | L83: =VLOOKUP(B83,'大货清单（不定期按GOMS更新）'!A:M,13,FALSE) -> 332 | M83: =VLOOKUP(B83,'大货清单（不定期按GOMS更新）'!A:N,14,FALSE) -> 318 | N83: 9FWRI4A0100 | O83: =IFERROR(VLOOKUP(N83,'散件迭代（不定期更新）'!C:J,8,FALSE),0) -> 0 | P83: =IFERROR(VLOOKUP(N83,'散件（更新）'!B:H,3,FALSE),0) -> 0 | Q83: =VLOOKUP(N83,'散件（更新）'!B:H,2,FALSE) -> 114-25350317 | R83: =VLOOKUP(N83,'散件（更新）'!B:H,7,FALSE) -> Charging Base NTC Wire Assembly | S83: =VLOOKUP(N83,'散件（更新）'!B:E,4,FALSE) -> https://tineco-yxzt.oss-accelerate.aliyuncs.com/20250912/15DACD461F05AB5CAE1CD8967655659C_1757661186830.png | U83: =VLOOKUP(N83,'散件（更新）'!B:G,6,FALSE) -> SP;CL2535C-01;NTC导线组件 | V83: =VLOOKUP(N83,'散件（更新）'!B:I,8,FALSE) -> 6932485013692
A84: 46169 | B84: FW342000DE | C84: =VLOOKUP(B84,'大货清单（不定期按GOMS更新）'!A:H,8,0) -> 109-25430202 | D84: =VLOOKUP(B84,'大货清单（不定期按GOMS更新）'!A:C,3,0) -> CL2543B-02 | E84: =VLOOKUP(B84,'大货清单（不定期按GOMS更新）'!A:H,4,0) -> DE,FR,IT,ES,PL | F84: =VLOOKUP(B84,'大货清单（不定期按GOMS更新）'!A:H,2,0) -> Floor One Stretch S6 Combo | G84: =VLOOKUP(B84,'大货清单（不定期按GOMS更新）'!A:I,9,FALSE) -> 6971745581762 | H84: =VLOOKUP(B84,'大货清单（不定期按GOMS更新）'!A:H,7,0) -> Black & White | I84: =VLOOKUP(B84,'大货清单（不定期按GOMS更新）'!A:F,6,FALSE) -> GTM | J84: =VLOOKUP(B84,'大货清单（不定期按GOMS更新）'!A:K,11,FALSE) -> 9.5 | K84: =VLOOKUP(B84,'大货清单（不定期按GOMS更新）'!A:N,12,FALSE) -> 760 | L84: =VLOOKUP(B84,'大货清单（不定期按GOMS更新）'!A:M,13,FALSE) -> 332 | M84: =VLOOKUP(B84,'大货清单（不定期按GOMS更新）'!A:N,14,FALSE) -> 318 | N84: 9FWRM060100 | O84: =IFERROR(VLOOKUP(N84,'散件迭代（不定期更新）'!C:J,8,FALSE),0) -> 0 | P84: =IFERROR(VLOOKUP(N84,'散件（更新）'!B:H,3,FALSE),0) | Q84: =VLOOKUP(N84,'散件（更新）'!B:H,2,FALSE) -> 114-23761805 | R84: =VLOOKUP(N84,'散件（更新）'!B:H,7,FALSE) -> Motor | S84: =VLOOKUP(N84,'散件（更新）'!B:E,4,FALSE) -> https://tineco-yxzt.oss-accelerate.aliyuncs.com/20241219/weixintupian_202411141109495_1734586641284.jpg | U84: =VLOOKUP(N84,'散件（更新）'!B:G,6,FALSE) -> 主电机组件 | V84: =VLOOKUP(N84,'散件（更新）'!B:I,8,FALSE) -> 6932485002443
... A87: 46169 | B87: FW342000DE | C87: =VLOOKUP(B87,'大货清单（不定期按GOMS更新）'!A:H,8,0) -> 109-25430202 | D87: =VLOOKUP(B87,'大货清单（不定期按GOMS更新）'!A:C,3,0) -> CL2543B-02 | E87: =VLOOKUP(B87,'大货清单（不定期按GOMS更新）'!A:H,4,0) -> DE,FR,IT,ES,PL | F87: =VLOOKUP(B87,'大货清单（不定期按GOMS更新）'!A:H,2,0) -> Floor One Stretch S6 Combo | G87: =VLOOKUP(B87,'大货清单（不定期按GOMS更新）'!A:I,9,FALSE) -> 6971745581762 | H87: =VLOOKUP(B87,'大货清单（不定期按GOMS更新）'!A:H,7,0) -> Black & White | I87: =VLOOKUP(B87,'大货清单（不定期按GOMS更新）'!A:F,6,FALSE) -> GTM | J87: =VLOOKUP(B87,'大货清单（不定期按GOMS更新）'!A:K,11,FALSE) -> 9.5 | K87: =VLOOKUP(B87,'大货清单（不定期按GOMS更新）'!A:N,12,FALSE) -> 760 | L87: =VLOOKUP(B87,'大货清单（不定期按GOMS更新）'!A:M,13,FALSE) -> 332 | M87: =VLOOKUP(B87,'大货清单（不定期按GOMS更新）'!A:N,14,FALSE) -> 318 | N87: 9FWRO310000 | O87: =IFERROR(VLOOKUP(N87,'散件迭代（不定期更新）'!C:J,8,FALSE),0) -> 0 | P87: =IFERROR(VLOOKUP(N87,'散件（更新）'!B:H,3,FALSE),0) | Q87: =VLOOKUP(N87,'散件（更新）'!B:H,2,FALSE) -> 114-23480612 | R87: =VLOOKUP(N87,'散件（更新）'!B:H,7,FALSE) -> Boiler | S87: =VLOOKUP(N87,'散件（更新）'!B:E,4,FALSE) -> 0 | U87: =VLOOKUP(N87,'散件（更新）'!B:G,6,FALSE) -> 发热丝组件 | V87: =VLOOKUP(N87,'散件（更新）'!B:I,8,FALSE) -> 6932485003976
A88: 46169 | B88: FW342000DE | C88: =VLOOKUP(B88,'大货清单（不定期按GOMS更新）'!A:H,8,0) -> 109-25430202 | D88: =VLOOKUP(B88,'大货清单（不定期按GOMS更新）'!A:C,3,0) -> CL2543B-02 | E88: =VLOOKUP(B88,'大货清单（不定期按GOMS更新）'!A:H,4,0) -> DE,FR,IT,ES,PL | F88: =VLOOKUP(B88,'大货清单（不定期按GOMS更新）'!A:H,2,0) -> Floor One Stretch S6 Combo | G88: =VLOOKUP(B88,'大货清单（不定期按GOMS更新）'!A:I,9,FALSE) -> 6971745581762 | H88: =VLOOKUP(B88,'大货清单（不定期按GOMS更新）'!A:H,7,0) -> Black & White | I88: =VLOOKUP(B88,'大货清单（不定期按GOMS更新）'!A:F,6,FALSE) -> GTM | J88: =VLOOKUP(B88,'大货清单（不定期按GOMS更新）'!A:K,11,FALSE) -> 9.5 | K88: =VLOOKUP(B88,'大货清单（不定期按GOMS更新）'!A:N,12,FALSE) -> 760 | L88: =VLOOKUP(B88,'大货清单（不定期按GOMS更新）'!A:M,13,FALSE) -> 332 | M88: =VLOOKUP(B88,'大货清单（不定期按GOMS更新）'!A:N,14,FALSE) -> 318 | N88: 9FWRP340200 | O88: =IFERROR(VLOOKUP(N88,'散件迭代（不定期更新）'!C:J,8,FALSE),0) -> 0 | P88: =IFERROR(VLOOKUP(N88,'散件（更新）'!B:H,3,FALSE),0) -> 0 | Q88: =VLOOKUP(N88,'散件（更新）'!B:H,2,FALSE) -> 114-25430201 | R88: =VLOOKUP(N88,'散件（更新）'!B:H,7,FALSE) -> PCBA | S88: =VLOOKUP(N88,'散件（更新）'!B:E,4,FALSE) -> https://tineco-yxzt.oss-accelerate.aliyuncs.com/20250826/weixinjietu_20250826110612_1756178125708.png | T88: DWT sensor | U88: =VLOOKUP(N88,'散件（更新）'!B:G,6,FALSE) -> SP;CL2543B-01;CL2543高配主控板组件 | V88: =VLOOKUP(N88,'散件（更新）'!B:I,8,FALSE) -> 6975159901642
A89: 46169 | B89: FW342000DE | C89: =VLOOKUP(B89,'大货清单（不定期按GOMS更新）'!A:H,8,0) -> 109-25430202 | D89: =VLOOKUP(B89,'大货清单（不定期按GOMS更新）'!A:C,3,0) -> CL2543B-02 | E89: =VLOOKUP(B89,'大货清单（不定期按GOMS更新）'!A:H,4,0) -> DE,FR,IT,ES,PL | F89: =VLOOKUP(B89,'大货清单（不定期按GOMS更新）'!A:H,2,0) -> Floor One Stretch S6 Combo | G89: =VLOOKUP(B89,'大货清单（不定期按GOMS更新）'!A:I,9,FALSE) -> 6971745581762 | H89: =VLOOKUP(B89,'大货清单（不定期按GOMS更新）'!A:H,7,0) -> Black & White | I89: =VLOOKUP(B89,'大货清单（不定期按GOMS更新）'!A:F,6,FALSE) -> GTM | J89: =VLOOKUP(B89,'大货清单（不定期按GOMS更新）'!A:K,11,FALSE) -> 9.5 | K89: =VLOOKUP(B89,'大货清单（不定期按GOMS更新）'!A:N,12,FALSE) -> 760 | L89: =VLOOKUP(B89,'大货清单（不定期按GOMS更新）'!A:M,13,FALSE) -> 332 | M89: =VLOOKUP(B89,'大货清单（不定期按GOMS更新）'!A:N,14,FALSE) -> 318 | N89: 9FWRP420200 | O89: =IFERROR(VLOOKUP(N89,'散件迭代（不定期更新）'!C:J,8,FALSE),0) -> 0 | P89: =IFERROR(VLOOKUP(N89,'散件（更新）'!B:H,3,FALSE),0) | Q89: =VLOOKUP(N89,'散件（更新）'!B:H,2,FALSE) -> 114-24580106 | R89: =VLOOKUP(N89,'散件（更新）'!B:H,7,FALSE) -> PCBA | S89: =VLOOKUP(N89,'散件（更新）'!B:E,4,FALSE) -> https://tineco-yxzt.oss-accelerate.aliyuncs.com/20241231/tuopandianyuanban_1735610617986.png | T89: for main body | U89: =VLOOKUP(N89,'散件（更新）'!B:G,6,FALSE) -> SP;CL2458A-02;六节托盘电源板组件 | V89: =VLOOKUP(N89,'散件（更新）'!B:I,8,FALSE) -> 6932485004584
A90: 46169 | B90: FW342000DE | C90: =VLOOKUP(B90,'大货清单（不定期按GOMS更新）'!A:H,8,0) -> 109-25430202 | D90: =VLOOKUP(B90,'大货清单（不定期按GOMS更新）'!A:C,3,0) -> CL2543B-02 | E90: =VLOOKUP(B90,'大货清单（不定期按GOMS更新）'!A:H,4,0) -> DE,FR,IT,ES,PL | F90: =VLOOKUP(B90,'大货清单（不定期按GOMS更新）'!A:H,2,0) -> Floor One Stretch S6 Combo | G90: =VLOOKUP(B90,'大货清单（不定期按GOMS更新）'!A:I,9,FALSE) -> 6971745581762 | H90: =VLOOKUP(B90,'大货清单（不定期按GOMS更新）'!A:H,7,0) -> Black & White | I90: =VLOOKUP(B90,'大货清单（不定期按GOMS更新）'!A:F,6,FALSE) -> GTM | J90: =VLOOKUP(B90,'大货清单（不定期按GOMS更新）'!A:K,11,FALSE) -> 9.5 | K90: =VLOOKUP(B90,'大货清单（不定期按GOMS更新）'!A:N,12,FALSE) -> 760 | L90: =VLOOKUP(B90,'大货清单（不定期按GOMS更新）'!A:M,13,FALSE) -> 332 | M90: =VLOOKUP(B90,'大货清单（不定期按GOMS更新）'!A:N,14,FALSE) -> 318 | N90: 9FWRR360000 | O90: =IFERROR(VLOOKUP(N90,'散件迭代（不定期更新）'!C:J,8,FALSE),0) -> 0 | P90: =IFERROR(VLOOKUP(N90,'散件（更新）'!B:H,3,FALSE),0) | Q90: =VLOOKUP(N90,'散件（更新）'!B:H,2,FALSE) -> 114-24570003 | R90: =VLOOKUP(N90,'散件（更新）'!B:H,7,FALSE) -> Scraper | S90: =VLOOKUP(N90,'散件（更新）'!B:E,4,FALSE) -> https://tineco-yxzt.oss-accelerate.aliyuncs.com/20250114/11_1736819575391.jpg | T90: for brush | U90: =VLOOKUP(N90,'散件（更新）'!B:G,6,FALSE) -> 刮条组件（带小轮） | V90: =VLOOKUP(N90,'散件（更新）'!B:I,8,FALSE) -> 6932485002962
A91: 46169 | B91: FW342000DE | C91: =VLOOKUP(B91,'大货清单（不定期按GOMS更新）'!A:H,8,0) -> 109-25430202 | D91: =VLOOKUP(B91,'大货清单（不定期按GOMS更新）'!A:C,3,0) -> CL2543B-02 | E91: =VLOOKUP(B91,'大货清单（不定期按GOMS更新）'!A:H,4,0) -> DE,FR,IT,ES,PL | F91: =VLOOKUP(B91,'大货清单（不定期按GOMS更新）'!A:H,2,0) -> Floor One Stretch S6 Combo | G91: =VLOOKUP(B91,'大货清单（不定期按GOMS更新）'!A:I,9,FALSE) -> 6971745581762 | H91: =VLOOKUP(B91,'大货清单（不定期按GOMS更新）'!A:H,7,0) -> Black & White | I91: =VLOOKUP(B91,'大货清单（不定期按GOMS更新）'!A:F,6,FALSE) -> GTM | J91: =VLOOKUP(B91,'大货清单（不定期按GOMS更新）'!A:K,11,FALSE) -> 9.5 | K91: =VLOOKUP(B91,'大货清单（不定期按GOMS更新）'!A:N,12,FALSE) -> 760 | L91: =VLOOKUP(B91,'大货清单（不定期按GOMS更新）'!A:M,13,FALSE) -> 332 | M91: =VLOOKUP(B91,'大货清单（不定期按GOMS更新）'!A:N,14,FALSE) -> 318 | N91: 9FWRS060000 | O91: =IFERROR(VLOOKUP(N91,'散件迭代（不定期更新）'!C:J,8,FALSE),0) -> 0 | P91: =IFERROR(VLOOKUP(N91,'散件（更新）'!B:H,3,FALSE),0) | Q91: =VLOOKUP(N91,'散件（更新）'!B:H,2,FALSE) -> 114-23761808 | R91: =VLOOKUP(N91,'散件（更新）'!B:H,7,FALSE) -> Sensor | S91: =VLOOKUP(N91,'散件（更新）'!B:E,4,FALSE) -> https://tineco-yxzt.oss-accelerate.aliyuncs.com/20241219/weixintupian_202411141109496_1734589120839.jpg | U91: =VLOOKUP(N91,'散件（更新）'!B:G,6,FALSE) -> 直通式光电液位传感器组件 | V91: =VLOOKUP(N91,'散件（更新）'!B:I,8,FALSE) -> 6932485002474
A92: 46169 | B92: FW342000DE | C92: =VLOOKUP(B92,'大货清单（不定期按GOMS更新）'!A:H,8,0) -> 109-25430202 | D92: =VLOOKUP(B92,'大货清单（不定期按GOMS更新）'!A:C,3,0) -> CL2543B-02 | E92: =VLOOKUP(B92,'大货清单（不定期按GOMS更新）'!A:H,4,0) -> DE,FR,IT,ES,PL | F92: =VLOOKUP(B92,'大货清单（不定期按GOMS更新）'!A:H,2,0) -> Floor One Stretch S6 Combo | G92: =VLOOKUP(B92,'大货清单（不定期按GOMS更新）'!A:I,9,FALSE) -> 6971745581762 | H92: =VLOOKUP(B92,'大货清单（不定期按GOMS更新）'!A:H,7,0) -> Black & White | I92: =VLOOKUP(B92,'大货清单（不定期按GOMS更新）'!A:F,6,FALSE) -> GTM | J92: =VLOOKUP(B92,'大货清单（不定期按GOMS更新）'!A:K,11,FALSE) -> 9.5 | K92: =VLOOKUP(B92,'大货清单（不定期按GOMS更新）'!A:N,12,FALSE) -> 760 | L92: =VLOOKUP(B92,'大货清单（不定期按GOMS更新）'!A:M,13,FALSE) -> 332 | M92: =VLOOKUP(B92,'大货清单（不定期按GOMS更新）'!A:N,14,FALSE) -> 318 | N92: 9FWRS400000 | O92: =IFERROR(VLOOKUP(N92,'散件迭代（不定期更新）'!C:J,8,FALSE),0) -> 0 | P92: =IFERROR(VLOOKUP(N92,'散件（更新）'!B:H,3,FALSE),0) -> 0 | Q92: =VLOOKUP(N92,'散件（更新）'!B:H,2,FALSE) -> 114-23280212 | R92: =VLOOKUP(N92,'散件（更新）'!B:H,7,FALSE) -> Sensor | S92: =VLOOKUP(N92,'散件（更新）'!B:E,4,FALSE) -> https://tineco-yxzt.oss-accelerate.aliyuncs.com/20240306/hongwai_1709692389165.GIF | U92: =VLOOKUP(N92,'散件（更新）'!B:G,6,FALSE) -> 红外脏污传感器板组件 | V92: =VLOOKUP(N92,'散件（更新）'!B:I,8,FALSE) -> 6974950107222
A93: 46169 | B93: FW342000DE | C93: =VLOOKUP(B93,'大货清单（不定期按GOMS更新）'!A:H,8,0) -> 109-25430202 | D93: =VLOOKUP(B93,'大货清单（不定期按GOMS更新）'!A:C,3,0) -> CL2543B-02 | E93: =VLOOKUP(B93,'大货清单（不定期按GOMS更新）'!A:H,4,0) -> DE,FR,IT,ES,PL | F93: =VLOOKUP(B93,'大货清单（不定期按GOMS更新）'!A:H,2,0) -> Floor One Stretch S6 Combo | G93: =VLOOKUP(B93,'大货清单（不定期按GOMS更新）'!A:I,9,FALSE) -> 6971745581762 | H93: =VLOOKUP(B93,'大货清单（不定期按GOMS更新）'!A:H,7,0) -> Black & White | I93: =VLOOKUP(B93,'大货清单（不定期按GOMS更新）'!A:F,6,FALSE) -> GTM | J93: =VLOOKUP(B93,'大货清单（不定期按GOMS更新）'!A:K,11,FALSE) -> 9.5 | K93: =VLOOKUP(B93,'大货清单（不定期按GOMS更新）'!A:N,12,FALSE) -> 760 | L93: =VLOOKUP(B93,'大货清单（不定期按GOMS更新）'!A:M,13,FALSE) -> 332 | M93: =VLOOKUP(B93,'大货清单（不定期按GOMS更新）'!A:N,14,FALSE) -> 318 | N93: 9FWRW200300 | O93: =IFERROR(VLOOKUP(N93,'散件迭代（不定期更新）'!C:J,8,FALSE),0) -> 0 | P93: =IFERROR(VLOOKUP(N93,'散件（更新）'!B:H,3,FALSE),0) -> / | Q93: =VLOOKUP(N93,'散件（更新）'!B:H,2,FALSE) -> 114-21231213 | R93: =VLOOKUP(N93,'散件（更新）'!B:H,7,FALSE) -> Repair Wheel | S93: =VLOOKUP(N93,'散件（更新）'!B:E,4,FALSE) -> 0 | T93: for main body | U93: =VLOOKUP(N93,'散件（更新）'!B:G,6,FALSE) -> 小轮组件(两个小轮+两个小轮轴) | V93: =VLOOKUP(N93,'散件（更新）'!B:I,8,FALSE) -> 6974950105853
A94: 46169 | B94: FW342000DE | C94: =VLOOKUP(B94,'大货清单（不定期按GOMS更新）'!A:H,8,0) -> 109-25430202 | D94: =VLOOKUP(B94,'大货清单（不定期按GOMS更新）'!A:C,3,0) -> CL2543B-02 | E94: =VLOOKUP(B94,'大货清单（不定期按GOMS更新）'!A:H,4,0) -> DE,FR,IT,ES,PL | F94: =VLOOKUP(B94,'大货清单（不定期按GOMS更新）'!A:H,2,0) -> Floor One Stretch S6 Combo | G94: =VLOOKUP(B94,'大货清单（不定期按GOMS更新）'!A:I,9,FALSE) -> 6971745581762 | H94: =VLOOKUP(B94,'大货清单（不定期按GOMS更新）'!A:H,7,0) -> Black & White | I94: =VLOOKUP(B94,'大货清单（不定期按GOMS更新）'!A:F,6,FALSE) -> GTM | J94: =VLOOKUP(B94,'大货清单（不定期按GOMS更新）'!A:K,11,FALSE) -> 9.5 | K94: =VLOOKUP(B94,'大货清单（不定期按GOMS更新）'!A:N,12,FALSE) -> 760 | L94: =VLOOKUP(B94,'大货清单（不定期按GOMS更新）'!A:M,13,FALSE) -> 332 | M94: =VLOOKUP(B94,'大货清单（不定期按GOMS更新）'!A:N,14,FALSE) -> 318 | N94: 9FWRW400000 | O94: =IFERROR(VLOOKUP(N94,'散件迭代（不定期更新）'!C:J,8,FALSE),0) -> 0 | P94: =IFERROR(VLOOKUP(N94,'散件（更新）'!B:H,3,FALSE),0) -> 0 | Q94: =VLOOKUP(N94,'散件（更新）'!B:H,2,FALSE) -> 114-23280221 | R94: =VLOOKUP(N94,'散件（更新）'!B:H,7,FALSE) -> Repair Wheel | S94: =VLOOKUP(N94,'散件（更新）'!B:E,4,FALSE) -> https://tineco-yxzt.oss-accelerate.aliyuncs.com/20240306/daxiaolun_1709693230648.GIF | T94: for charging base | U94: =VLOOKUP(N94,'散件（更新）'!B:G,6,FALSE) -> 大轮和小轮组件 | V94: =VLOOKUP(N94,'散件（更新）'!B:I,8,FALSE) -> 6974950107314
A95: 46169 | B95: FW342000DE | C95: =VLOOKUP(B95,'大货清单（不定期按GOMS更新）'!A:H,8,0) -> 109-25430202 | D95: =VLOOKUP(B95,'大货清单（不定期按GOMS更新）'!A:C,3,0) -> CL2543B-02 | E95: =VLOOKUP(B95,'大货清单（不定期按GOMS更新）'!A:H,4,0) -> DE,FR,IT,ES,PL | F95: =VLOOKUP(B95,'大货清单（不定期按GOMS更新）'!A:H,2,0) -> Floor One Stretch S6 Combo | G95: =VLOOKUP(B95,'大货清单（不定期按GOMS更新）'!A:I,9,FALSE) -> 6971745581762 | H95: =VLOOKUP(B95,'大货清单（不定期按GOMS更新）'!A:H,7,0) -> Black & White | I95: =VLOOKUP(B95,'大货清单（不定期按GOMS更新）'!A:F,6,FALSE) -> GTM | J95: =VLOOKUP(B95,'大货清单（不定期按GOMS更新）'!A:K,11,FALSE) -> 9.5 | K95: =VLOOKUP(B95,'大货清单（不定期按GOMS更新）'!A:N,12,FALSE) -> 760 | L95: =VLOOKUP(B95,'大货清单（不定期按GOMS更新）'!A:M,13,FALSE) -> 332 | M95: =VLOOKUP(B95,'大货清单（不定期按GOMS更新）'!A:N,14,FALSE) -> 318 | N95: 9FWTN340000 | O95: =IFERROR(VLOOKUP(N95,'散件迭代（不定期更新）'!C:J,8,FALSE),0) -> 0 | P95: =IFERROR(VLOOKUP(N95,'散件（更新）'!B:H,3,FALSE),0) -> 0 | Q95: =VLOOKUP(N95,'散件（更新）'!B:H,2,FALSE) -> 114-25430002 | R95: =VLOOKUP(N95,'散件（更新）'!B:H,7,FALSE) -> 3-In-1 Cleaning Tool | S95: =VLOOKUP(N95,'散件（更新）'!B:E,4,FALSE) -> https://tineco-yxzt.oss-accelerate.aliyuncs.com/20250826/weixinjietu_20250815091726_1756177476474.png | U95: =VLOOKUP(N95,'散件（更新）'!B:G,6,FALSE) -> SP;CL2543-01;AB1888B清洁刷组件 | V95: =VLOOKUP(N95,'散件（更新）'!B:I,8,FALSE) -> 6975159901574
A96: 46169 | B96: FW342000DE | C96: =VLOOKUP(B96,'大货清单（不定期按GOMS更新）'!A:H,8,0) -> 109-25430202 | D96: =VLOOKUP(B96,'大货清单（不定期按GOMS更新）'!A:C,3,0) -> CL2543B-02 | E96: =VLOOKUP(B96,'大货清单（不定期按GOMS更新）'!A:H,4,0) -> DE,FR,IT,ES,PL | F96: =VLOOKUP(B96,'大货清单（不定期按GOMS更新）'!A:H,2,0) -> Floor One Stretch S6 Combo | G96: =VLOOKUP(B96,'大货清单（不定期按GOMS更新）'!A:I,9,FALSE) -> 6971745581762 | H96: =VLOOKUP(B96,'大货清单（不定期按GOMS更新）'!A:H,7,0) -> Black & White | I96: =VLOOKUP(B96,'大货清单（不定期按GOMS更新）'!A:F,6,FALSE) -> GTM | J96: =VLOOKUP(B96,'大货清单（不定期按GOMS更新）'!A:K,11,FALSE) -> 9.5 | K96: =VLOOKUP(B96,'大货清单（不定期按GOMS更新）'!A:N,12,FALSE) -> 760 | L96: =VLOOKUP(B96,'大货清单（不定期按GOMS更新）'!A:M,13,FALSE) -> 332 | M96: =VLOOKUP(B96,'大货清单（不定期按GOMS更新）'!A:N,14,FALSE) -> 318 | N96: 9FWWC310000 | O96: =IFERROR(VLOOKUP(N96,'散件迭代（不定期更新）'!C:J,8,FALSE),0) -> 0 | P96: =IFERROR(VLOOKUP(N96,'散件（更新）'!B:H,3,FALSE),0) | Q96: =VLOOKUP(N96,'散件（更新）'!B:H,2,FALSE) -> 114-23480603 | R96: =VLOOKUP(N96,'散件（更新）'!B:H,7,FALSE) -> Clean Water Tank | S96: =VLOOKUP(N96,'散件（更新）'!B:E,4,FALSE) -> https://tineco-yxzt.oss-accelerate.aliyuncs.com/20250110/03-CWT_1736502331758.png | T96: water sensor | U96: =VLOOKUP(N96,'散件（更新）'!B:G,6,FALSE) -> 清水箱组件 | V96: =VLOOKUP(N96,'散件（更新）'!B:I,8,FALSE) -> 6932485003884
A97: 46169 | B97: FW342000DE | C97: =VLOOKUP(B97,'大货清单（不定期按GOMS更新）'!A:H,8,0) -> 109-25430202 | D97: =VLOOKUP(B97,'大货清单（不定期按GOMS更新）'!A:C,3,0) -> CL2543B-02 | E97: =VLOOKUP(B97,'大货清单（不定期按GOMS更新）'!A:H,4,0) -> DE,FR,IT,ES,PL | F97: =VLOOKUP(B97,'大货清单（不定期按GOMS更新）'!A:H,2,0) -> Floor One Stretch S6 Combo | G97: =VLOOKUP(B97,'大货清单（不定期按GOMS更新）'!A:I,9,FALSE) -> 6971745581762 | H97: =VLOOKUP(B97,'大货清单（不定期按GOMS更新）'!A:H,7,0) -> Black & White | I97: =VLOOKUP(B97,'大货清单（不定期按GOMS更新）'!A:F,6,FALSE) -> GTM | J97: =VLOOKUP(B97,'大货清单（不定期按GOMS更新）'!A:K,11,FALSE) -> 9.5 | K97: =VLOOKUP(B97,'大货清单（不定期按GOMS更新）'!A:N,12,FALSE) -> 760 | L97: =VLOOKUP(B97,'大货清单（不定期按GOMS更新）'!A:M,13,FALSE) -> 332 | M97: =VLOOKUP(B97,'大货清单（不定期按GOMS更新）'!A:N,14,FALSE) -> 318 | N97: 9FWWD310000 | O97: =IFERROR(VLOOKUP(N97,'散件迭代（不定期更新）'!C:J,8,FALSE),0) -> 0 | P97: =IFERROR(VLOOKUP(N97,'散件（更新）'!B:H,3,FALSE),0) | Q97: =VLOOKUP(N97,'散件（更新）'!B:H,2,FALSE) -> 114-23480602 | R97: =VLOOKUP(N97,'散件（更新）'!B:H,7,FALSE) -> Dirt Water Tank | S97: =VLOOKUP(N97,'散件（更新）'!B:E,4,FALSE) -> https://tineco-yxzt.oss-accelerate.aliyuncs.com/20250110/DWT_1736502150878.png | T97: dirt sensor | U97: =VLOOKUP(N97,'散件（更新）'!B:G,6,FALSE) -> 回收桶组件 | V97: =VLOOKUP(N97,'散件（更新）'!B:I,8,FALSE) -> 6932485003877
A98: 46169 | B98: FW342000DE | C98: =VLOOKUP(B98,'大货清单（不定期按GOMS更新）'!A:H,8,0) -> 109-25430202 | D98: =VLOOKUP(B98,'大货清单（不定期按GOMS更新）'!A:C,3,0) -> CL2543B-02 | E98: =VLOOKUP(B98,'大货清单（不定期按GOMS更新）'!A:H,4,0) -> DE,FR,IT,ES,PL | F98: =VLOOKUP(B98,'大货清单（不定期按GOMS更新）'!A:H,2,0) -> Floor One Stretch S6 Combo | G98: =VLOOKUP(B98,'大货清单（不定期按GOMS更新）'!A:I,9,FALSE) -> 6971745581762 | H98: =VLOOKUP(B98,'大货清单（不定期按GOMS更新）'!A:H,7,0) -> Black & White | I98: =VLOOKUP(B98,'大货清单（不定期按GOMS更新）'!A:F,6,FALSE) -> GTM | J98: =VLOOKUP(B98,'大货清单（不定期按GOMS更新）'!A:K,11,FALSE) -> 9.5 | K98: =VLOOKUP(B98,'大货清单（不定期按GOMS更新）'!A:N,12,FALSE) -> 760 | L98: =VLOOKUP(B98,'大货清单（不定期按GOMS更新）'!A:M,13,FALSE) -> 332 | M98: =VLOOKUP(B98,'大货清单（不定期按GOMS更新）'!A:N,14,FALSE) -> 318 | N98: 9VSBD151100 | O98: =IFERROR(VLOOKUP(N98,'散件迭代（不定期更新）'!C:J,8,FALSE),0) -> 0 | P98: =IFERROR(VLOOKUP(N98,'散件（更新）'!B:H,3,FALSE),0) -> 206-2028-0805 | Q98: =VLOOKUP(N98,'散件（更新）'!B:H,2,FALSE) -> 114-20280805 | R98: =VLOOKUP(N98,'散件（更新）'!B:H,7,FALSE) -> 2-In-1 Dusting Brush | S98: =VLOOKUP(N98,'散件（更新）'!B:E,4,FALSE) -> https://tineco-yxzt.oss-accelerate.aliyuncs.com/20231219/9VSBD151100_1702948061048.png | U98: =VLOOKUP(N98,'散件（更新）'!B:G,6,FALSE) -> 组合刷小口径 | V98: =VLOOKUP(N98,'散件（更新）'!B:I,8,FALSE) -> 6972200195807
A99: 46169 | B99: FW342000DE | C99: =VLOOKUP(B99,'大货清单（不定期按GOMS更新）'!A:H,8,0) -> 109-25430202 | D99: =VLOOKUP(B99,'大货清单（不定期按GOMS更新）'!A:C,3,0) -> CL2543B-02 | E99: =VLOOKUP(B99,'大货清单（不定期按GOMS更新）'!A:H,4,0) -> DE,FR,IT,ES,PL | F99: =VLOOKUP(B99,'大货清单（不定期按GOMS更新）'!A:H,2,0) -> Floor One Stretch S6 Combo | G99: =VLOOKUP(B99,'大货清单（不定期按GOMS更新）'!A:I,9,FALSE) -> 6971745581762 | H99: =VLOOKUP(B99,'大货清单（不定期按GOMS更新）'!A:H,7,0) -> Black & White | I99: =VLOOKUP(B99,'大货清单（不定期按GOMS更新）'!A:F,6,FALSE) -> GTM | J99: =VLOOKUP(B99,'大货清单（不定期按GOMS更新）'!A:K,11,FALSE) -> 9.5 | K99: =VLOOKUP(B99,'大货清单（不定期按GOMS更新）'!A:N,12,FALSE) -> 760 | L99: =VLOOKUP(B99,'大货清单（不定期按GOMS更新）'!A:M,13,FALSE) -> 332 | M99: =VLOOKUP(B99,'大货清单（不定期按GOMS更新）'!A:N,14,FALSE) -> 318 | N99: 9VSTC151100 | O99: =IFERROR(VLOOKUP(N99,'散件迭代（不定期更新）'!C:J,8,FALSE),0) -> 0 | P99: =IFERROR(VLOOKUP(N99,'散件（更新）'!B:H,3,FALSE),0) -> 206-2028-0804 | Q99: =VLOOKUP(N99,'散件（更新）'!B:H,2,FALSE) -> 114-20280804 | R99: =VLOOKUP(N99,'散件（更新）'!B:H,7,FALSE) -> Crevice Tool | S99: =VLOOKUP(N99,'散件（更新）'!B:E,4,FALSE) -> https://tineco-yxzt.oss-accelerate.aliyuncs.com/product/114-20280804.png | U99: =VLOOKUP(N99,'散件（更新）'!B:G,6,FALSE) -> 扁吸小口径 | V99: =VLOOKUP(N99,'散件（更新）'!B:I,8,FALSE) -> 6972200195791
A100: 46169 | B100: FW351900DE | C100: =VLOOKUP(B100,'大货清单（不定期按GOMS更新）'!A:H,8,0) -> 109-24261302 | D100: =VLOOKUP(B100,'大货清单（不定期按GOMS更新）'!A:C,3,0) -> CL2426M-02 | E100: =VLOOKUP(B100,'大货清单（不定期按GOMS更新）'!A:H,4,0) -> IT,FR,DE,ES,PL,SE,NL,BE | F100: =VLOOKUP(B100,'大货清单（不定期按GOMS更新）'!A:H,2,0) -> FLOOR ONE SWITCH S7 STRETCH | G100: =VLOOKUP(B100,'大货清单（不定期按GOMS更新）'!A:I,9,FALSE) -> 6932485006724 | H100: =VLOOKUP(B100,'大货清单（不定期按GOMS更新）'!A:H,7,0) -> 黑色 | I100: =VLOOKUP(B100,'大货清单（不定期按GOMS更新）'!A:F,6,FALSE) -> ACTIVE | J100: =VLOOKUP(B100,'大货清单（不定期按GOMS更新）'!A:K,11,FALSE) -> 12.8 | K100: =VLOOKUP(B100,'大货清单（不定期按GOMS更新）'!A:N,12,FALSE) -> 850 | L100: =VLOOKUP(B100,'大货清单（不定期按GOMS更新）'!A:M,13,FALSE) -> 332 | M100: =VLOOKUP(B100,'大货清单（不定期按GOMS更新）'!A:N,14,FALSE) -> 318 | N100: 9FWBP3501SA | O100: =IFERROR(VLOOKUP(N100,'散件迭代（不定期更新）'!C:J,8,FALSE),0) -> 0 | P100: =IFERROR(VLOOKUP(N100,'散件（更新）'!B:H,3,FALSE),0) -> 0 | Q100: =VLOOKUP(N100,'散件（更新）'!B:H,2,FALSE) -> 114-24260525 | R100: =VLOOKUP(N100,'散件（更新）'!B:H,7,FALSE) -> Carpet Brush | S100: =VLOOKUP(N100,'散件（更新）'!B:E,4,FALSE) -> https://tineco-yxzt.oss-accelerate.aliyuncs.com/20250630/carpetbrush_1751261027155.png | U100: =VLOOKUP(N100,'散件（更新）'!B:G,6,FALSE) -> SP;CL2426E-03;FB2116A地刷组件（沙特） | V100: =VLOOKUP(N100,'散件（更新）'!B:I,8,FALSE) -> 6932485008612
A101: 46169 | B101: FW480500UK | C101: =VLOOKUP(B101,'大货清单（不定期按GOMS更新）'!A:H,8,0) -> 109-25351001 | D101: =VLOOKUP(B101,'大货清单（不定期按GOMS更新）'!A:C,3,0) -> CL2535J-01 | E101: =VLOOKUP(B101,'大货清单（不定期按GOMS更新）'!A:H,4,0) -> GB | F101: =VLOOKUP(B101,'大货清单（不定期按GOMS更新）'!A:H,2,0) -> Floor One S5 Max | G101: =VLOOKUP(B101,'大货清单（不定期按GOMS更新）'!A:I,9,FALSE) -> 6971745581571 | H101: =VLOOKUP(B101,'大货清单（不定期按GOMS更新）'!A:H,7,0) -> White&black | I101: =VLOOKUP(B101,'大货清单（不定期按GOMS更新）'!A:F,6,FALSE) -> ACTIVE | J101: =VLOOKUP(B101,'大货清单（不定期按GOMS更新）'!A:K,11,FALSE) -> 9.2 | K101: =VLOOKUP(B101,'大货清单（不定期按GOMS更新）'!A:N,12,FALSE) -> 712 | L101: =VLOOKUP(B101,'大货清单（不定期按GOMS更新）'!A:M,13,FALSE) -> 321 | M101: =VLOOKUP(B101,'大货清单（不定期按GOMS更新）'!A:N,14,FALSE) -> 278 | N101: 9FWBR060000 | O101: =IFERROR(VLOOKUP(N101,'散件迭代（不定期更新）'!C:J,8,FALSE),0) -> 0 | P101: =IFERROR(VLOOKUP(N101,'散件（更新）'!B:H,3,FALSE),0) | Q101: =VLOOKUP(N101,'散件（更新）'!B:H,2,FALSE) -> 114-23761801 | R101: =VLOOKUP(N101,'散件（更新）'!B:H,7,FALSE) -> Brush Roller | S101: =VLOOKUP(N101,'散件（更新）'!B:E,4,FALSE) -> https://tineco-yxzt.oss-accelerate.aliyuncs.com/20241219/weixintupian_20241114110949_1734578233397.jpg | U101: =VLOOKUP(N101,'散件（更新）'!B:G,6,FALSE) -> 耐热滚刷组件 | V101: =VLOOKUP(N101,'散件（更新）'!B:I,8,FALSE) -> 6932485002405
A102: 46169 | B102: FW480500UK | C102: =VLOOKUP(B102,'大货清单（不定期按GOMS更新）'!A:H,8,0) -> 109-25351001 | D102: =VLOOKUP(B102,'大货清单（不定期按GOMS更新）'!A:C,3,0) -> CL2535J-01 | E102: =VLOOKUP(B102,'大货清单（不定期按GOMS更新）'!A:H,4,0) -> GB | F102: =VLOOKUP(B102,'大货清单（不定期按GOMS更新）'!A:H,2,0) -> Floor One S5 Max | G102: =VLOOKUP(B102,'大货清单（不定期按GOMS更新）'!A:I,9,FALSE) -> 6971745581571 | H102: =VLOOKUP(B102,'大货清单（不定期按GOMS更新）'!A:H,7,0) -> White&black | I102: =VLOOKUP(B102,'大货清单（不定期按GOMS更新）'!A:F,6,FALSE) -> ACTIVE | J102: =VLOOKUP(B102,'大货清单（不定期按GOMS更新）'!A:K,11,FALSE) -> 9.2 | K102: =VLOOKUP(B102,'大货清单（不定期按GOMS更新）'!A:N,12,FALSE) -> 712 | L102: =VLOOKUP(B102,'大货清单（不定期按GOMS更新）'!A:M,13,FALSE) -> 321 | M102: =VLOOKUP(B102,'大货清单（不定期按GOMS更新）'!A:N,14,FALSE) -> 278 | N102: 9FWFA400100 | O102: =IFERROR(VLOOKUP(N102,'散件迭代（不定期更新）'!C:J,8,FALSE),0) -> A64 | P102: =IFERROR(VLOOKUP(N102,'散件（更新）'!B:H,3,FALSE),0) -> 0 | Q102: =VLOOKUP(N102,'散件（更新）'!B:H,2,FALSE) -> 114-23280222 | R102: =VLOOKUP(N102,'散件（更新）'!B:H,7,FALSE) -> HEPA Assy | S102: =VLOOKUP(N102,'散件（更新）'!B:E,4,FALSE) -> https://tineco-yxzt.oss-accelerate.aliyuncs.com/20240822/HEPA_1724286749680.jpg | U102: =VLOOKUP(N102,'散件（更新）'!B:G,6,FALSE) -> 回收桶过滤器组件 | V102: =VLOOKUP(N102,'散件（更新）'!B:I,8,FALSE) -> 6932485000470
A103: 46169 | B103: FW480500UK | C103: =VLOOKUP(B103,'大货清单（不定期按GOMS更新）'!A:H,8,0) -> 109-25351001 | D103: =VLOOKUP(B103,'大货清单（不定期按GOMS更新）'!A:C,3,0) -> CL2535J-01 | E103: =VLOOKUP(B103,'大货清单（不定期按GOMS更新）'!A:H,4,0) -> GB | F103: =VLOOKUP(B103,'大货清单（不定期按GOMS更新）'!A:H,2,0) -> Floor One S5 Max | G103: =VLOOKUP(B103,'大货清单（不定期按GOMS更新）'!A:I,9,FALSE) -> 6971745581571 | H103: =VLOOKUP(B103,'大货清单（不定期按GOMS更新）'!A:H,7,0) -> White&black | I103: =VLOOKUP(B103,'大货清单（不定期按GOMS更新）'!A:F,6,FALSE) -> ACTIVE | J103: =VLOOKUP(B103,'大货清单（不定期按GOMS更新）'!A:K,11,FALSE) -> 9.2 | K103: =VLOOKUP(B103,'大货清单（不定期按GOMS更新）'!A:N,12,FALSE) -> 712 | L103: =VLOOKUP(B103,'大货清单（不定期按GOMS更新）'!A:M,13,FALSE) -> 321 | M103: =VLOOKUP(B103,'大货清单（不定期按GOMS更新）'!A:N,14,FALSE) -> 278 | N103: 9FWPB4302UK | O103: =IFERROR(VLOOKUP(N103,'散件迭代（不定期更新）'!C:J,8,FALSE),0) -> 0 | P103: =IFERROR(VLOOKUP(N103,'散件（更新）'!B:H,3,FALSE),0) -> 0 | Q103: =VLOOKUP(N103,'散件（更新）'!B:H,2,FALSE) -> 114-24581000 | R103: =VLOOKUP(N103,'散件（更新）'!B:H,7,FALSE) -> Charging Base | S103: =VLOOKUP(N103,'散件（更新）'!B:E,4,FALSE) -> https://tineco-yxzt.oss-accelerate.aliyuncs.com/20250512/honggantuopan_1747016252751.png | U103: =VLOOKUP(N103,'散件（更新）'!B:G,6,FALSE) -> SP;CL2458J-01;烘干托盘组件 | V103: =VLOOKUP(N103,'散件（更新）'!B:I,8,FALSE) -> 6932485008193
A104: 46169 | B104: FW480500UK | C104: =VLOOKUP(B104,'大货清单（不定期按GOMS更新）'!A:H,8,0) -> 109-25351001 | D104: =VLOOKUP(B104,'大货清单（不定期按GOMS更新）'!A:C,3,0) -> CL2535J-01 | E104: =VLOOKUP(B104,'大货清单（不定期按GOMS更新）'!A:H,4,0) -> GB | F104: =VLOOKUP(B104,'大货清单（不定期按GOMS更新）'!A:H,2,0) -> Floor One S5 Max | G104: =VLOOKUP(B104,'大货清单（不定期按GOMS更新）'!A:I,9,FALSE) -> 6971745581571 | H104: =VLOOKUP(B104,'大货清单（不定期按GOMS更新）'!A:H,7,0) -> White&black | I104: =VLOOKUP(B104,'大货清单（不定期按GOMS更新）'!A:F,6,FALSE) -> ACTIVE | J104: =VLOOKUP(B104,'大货清单（不定期按GOMS更新）'!A:K,11,FALSE) -> 9.2 | K104: =VLOOKUP(B104,'大货清单（不定期按GOMS更新）'!A:N,12,FALSE) -> 712 | L104: =VLOOKUP(B104,'大货清单（不定期按GOMS更新）'!A:M,13,FALSE) -> 321 | M104: =VLOOKUP(B104,'大货清单（不定期按GOMS更新）'!A:N,14,FALSE) -> 278 | N104: 9FWPT480000 | O104: =IFERROR(VLOOKUP(N104,'散件迭代（不定期更新）'!C:J,8,FALSE),0) -> 0 | P104: =IFERROR(VLOOKUP(N104,'散件（更新）'!B:H,3,FALSE),0) -> 0 | Q104: =VLOOKUP(N104,'散件（更新）'!B:H,2,FALSE) -> 114-25350107 | R104: =VLOOKUP(N104,'散件（更新）'!B:H,7,FALSE) -> Battery | S104: =VLOOKUP(N104,'散件（更新）'!B:E,4,FALSE) -> https://tineco-yxzt.oss-accelerate.aliyuncs.com/20250912/weixinjietu_20250903192726_1757643880282.png | U104: =VLOOKUP(N104,'散件（更新）'!B:G,6,FALSE) -> SP;CL2535A-01;电池包组件 | V104: =VLOOKUP(N104,'散件（更新）'!B:I,8,FALSE) -> 6932485013517
A105: 46169 | B105: FW480500UK | C105: =VLOOKUP(B105,'大货清单（不定期按GOMS更新）'!A:H,8,0) -> 109-25351001 | D105: =VLOOKUP(B105,'大货清单（不定期按GOMS更新）'!A:C,3,0) -> CL2535J-01 | E105: =VLOOKUP(B105,'大货清单（不定期按GOMS更新）'!A:H,4,0) -> GB | F105: =VLOOKUP(B105,'大货清单（不定期按GOMS更新）'!A:H,2,0) -> Floor One S5 Max | G105: =VLOOKUP(B105,'大货清单（不定期按GOMS更新）'!A:I,9,FALSE) -> 6971745581571 | H105: =VLOOKUP(B105,'大货清单（不定期按GOMS更新）'!A:H,7,0) -> White&black | I105: =VLOOKUP(B105,'大货清单（不定期按GOMS更新）'!A:F,6,FALSE) -> ACTIVE | J105: =VLOOKUP(B105,'大货清单（不定期按GOMS更新）'!A:K,11,FALSE) -> 9.2 | K105: =VLOOKUP(B105,'大货清单（不定期按GOMS更新）'!A:N,12,FALSE) -> 712 | L105: =VLOOKUP(B105,'大货清单（不定期按GOMS更新）'!A:M,13,FALSE) -> 321 | M105: =VLOOKUP(B105,'大货清单（不定期按GOMS更新）'!A:N,14,FALSE) -> 278 | N105: 9FWPT4801AE | O105: =IFERROR(VLOOKUP(N105,'散件迭代（不定期更新）'!C:J,8,FALSE),0) -> 0 | P105: =IFERROR(VLOOKUP(N105,'散件（更新）'!B:H,3,FALSE),0) | Q105: =VLOOKUP(N105,'散件（更新）'!B:H,2,FALSE) -> 114-25350604 | R105: =VLOOKUP(N105,'散件（更新）'!B:H,7,FALSE) -> Battery | S105: =VLOOKUP(N105,'散件（更新）'!B:E,4,FALSE) -> https://tineco-yxzt.oss-accelerate.aliyuncs.com/20260119/2535Adianchibao_1768801329557.png | U105: =VLOOKUP(N105,'散件（更新）'!B:G,6,FALSE) -> SP;CL2535F-01;电池包组件（带铭牌国际版）--沙特 | V105: =VLOOKUP(N105,'散件（更新）'!B:I,8,FALSE) -> 6932485020935
A106: 46169 | B106: FW480500UK | C106: =VLOOKUP(B106,'大货清单（不定期按GOMS更新）'!A:H,8,0) -> 109-25351001 | D106: =VLOOKUP(B106,'大货清单（不定期按GOMS更新）'!A:C,3,0) -> CL2535J-01 | E106: =VLOOKUP(B106,'大货清单（不定期按GOMS更新）'!A:H,4,0) -> GB | F106: =VLOOKUP(B106,'大货清单（不定期按GOMS更新）'!A:H,2,0) -> Floor One S5 Max | G106: =VLOOKUP(B106,'大货清单（不定期按GOMS更新）'!A:I,9,FALSE) -> 6971745581571 | H106: =VLOOKUP(B106,'大货清单（不定期按GOMS更新）'!A:H,7,0) -> White&black | I106: =VLOOKUP(B106,'大货清单（不定期按GOMS更新）'!A:F,6,FALSE) -> ACTIVE | J106: =VLOOKUP(B106,'大货清单（不定期按GOMS更新）'!A:K,11,FALSE) -> 9.2 | K106: =VLOOKUP(B106,'大货清单（不定期按GOMS更新）'!A:N,12,FALSE) -> 712 | L106: =VLOOKUP(B106,'大货清单（不定期按GOMS更新）'!A:M,13,FALSE) -> 321 | M106: =VLOOKUP(B106,'大货清单（不定期按GOMS更新）'!A:N,14,FALSE) -> 278 | N106: 9FWRD480000 | O106: =IFERROR(VLOOKUP(N106,'散件迭代（不定期更新）'!C:J,8,FALSE),0) -> 0 | P106: =IFERROR(VLOOKUP(N106,'散件（更新）'!B:H,3,FALSE),0) -> 0 | Q106: =VLOOKUP(N106,'散件（更新）'!B:H,2,FALSE) -> 114-25350103 | R106: =VLOOKUP(N106,'散件（更新）'!B:H,7,FALSE) -> LED Display | S106: =VLOOKUP(N106,'散件（更新）'!B:E,4,FALSE) -> https://tineco-yxzt.oss-accelerate.aliyuncs.com/20250912/weixinjietu_20250903191921_1757644124499.png | U106: =VLOOKUP(N106,'散件（更新）'!B:G,6,FALSE) -> SP;CL2535A-01;LED显示屏组件 | V106: =VLOOKUP(N106,'散件（更新）'!B:I,8,FALSE) -> 6932485013470
A107: 46169 | B107: FW480500UK | C107: =VLOOKUP(B107,'大货清单（不定期按GOMS更新）'!A:H,8,0) -> 109-25351001 | D107: =VLOOKUP(B107,'大货清单（不定期按GOMS更新）'!A:C,3,0) -> CL2535J-01 | E107: =VLOOKUP(B107,'大货清单（不定期按GOMS更新）'!A:H,4,0) -> GB | F107: =VLOOKUP(B107,'大货清单（不定期按GOMS更新）'!A:H,2,0) -> Floor One S5 Max | G107: =VLOOKUP(B107,'大货清单（不定期按GOMS更新）'!A:I,9,FALSE) -> 6971745581571 | H107: =VLOOKUP(B107,'大货清单（不定期按GOMS更新）'!A:H,7,0) -> White&black | I107: =VLOOKUP(B107,'大货清单（不定期按GOMS更新）'!A:F,6,FALSE) -> ACTIVE | J107: =VLOOKUP(B107,'大货清单（不定期按GOMS更新）'!A:K,11,FALSE) -> 9.2 | K107: =VLOOKUP(B107,'大货清单（不定期按GOMS更新）'!A:N,12,FALSE) -> 712 | L107: =VLOOKUP(B107,'大货清单（不定期按GOMS更新）'!A:M,13,FALSE) -> 321 | M107: =VLOOKUP(B107,'大货清单（不定期按GOMS更新）'!A:N,14,FALSE) -> 278 | N107: 9FWRH040000 | O107: =IFERROR(VLOOKUP(N107,'散件迭代（不定期更新）'!C:J,8,FALSE),0) -> 0 | P107: =IFERROR(VLOOKUP(N107,'散件（更新）'!B:H,3,FALSE),0) -> 206-2011-0401 | Q107: =VLOOKUP(N107,'散件（更新）'!B:H,2,FALSE) -> 114-20110401 | R107: =VLOOKUP(N107,'散件（更新）'!B:H,7,FALSE) -> Plastic part | S107: =VLOOKUP(N107,'散件（更新）'!B:E,4,FALSE) -> https://tineco-yxzt.oss-accelerate.aliyuncs.com/20231219/9FWRH040000_1702948025339.png | U107: =VLOOKUP(N107,'散件（更新）'!B:G,6,FALSE) -> 直立限位块 | V107: =VLOOKUP(N107,'散件（更新）'!B:I,8,FALSE) -> 6972200197771
A108: 46169 | B108: FW480500UK | C108: =VLOOKUP(B108,'大货清单（不定期按GOMS更新）'!A:H,8,0) -> 109-25351001 | D108: =VLOOKUP(B108,'大货清单（不定期按GOMS更新）'!A:C,3,0) -> CL2535J-01 | E108: =VLOOKUP(B108,'大货清单（不定期按GOMS更新）'!A:H,4,0) -> GB | F108: =VLOOKUP(B108,'大货清单（不定期按GOMS更新）'!A:H,2,0) -> Floor One S5 Max | G108: =VLOOKUP(B108,'大货清单（不定期按GOMS更新）'!A:I,9,FALSE) -> 6971745581571 | H108: =VLOOKUP(B108,'大货清单（不定期按GOMS更新）'!A:H,7,0) -> White&black | I108: =VLOOKUP(B108,'大货清单（不定期按GOMS更新）'!A:F,6,FALSE) -> ACTIVE | J108: =VLOOKUP(B108,'大货清单（不定期按GOMS更新）'!A:K,11,FALSE) -> 9.2 | K108: =VLOOKUP(B108,'大货清单（不定期按GOMS更新）'!A:N,12,FALSE) -> 712 | L108: =VLOOKUP(B108,'大货清单（不定期按GOMS更新）'!A:M,13,FALSE) -> 321 | M108: =VLOOKUP(B108,'大货清单（不定期按GOMS更新）'!A:N,14,FALSE) -> 278 | N108: 9FWRH060400 | O108: =IFERROR(VLOOKUP(N108,'散件迭代（不定期更新）'!C:J,8,FALSE),0) -> 0 | P108: =IFERROR(VLOOKUP(N108,'散件（更新）'!B:H,3,FALSE),0) | Q108: =VLOOKUP(N108,'散件（更新）'!B:H,2,FALSE) -> 114-23761815 | R108: =VLOOKUP(N108,'散件（更新）'!B:H,7,FALSE) -> plastic part | S108: =VLOOKUP(N108,'散件（更新）'!B:E,4,FALSE) -> https://tineco-yxzt.oss-accelerate.aliyuncs.com/20241219/62_1734590951668.jpg | U108: =VLOOKUP(N108,'散件（更新）'!B:G,6,FALSE) -> 地刷充电头组件 | V108: =VLOOKUP(N108,'散件（更新）'!B:I,8,FALSE) -> 6932485002559
A109: 46169 | B109: FW480500UK | C109: =VLOOKUP(B109,'大货清单（不定期按GOMS更新）'!A:H,8,0) -> 109-25351001 | D109: =VLOOKUP(B109,'大货清单（不定期按GOMS更新）'!A:C,3,0) -> CL2535J-01 | E109: =VLOOKUP(B109,'大货清单（不定期按GOMS更新）'!A:H,4,0) -> GB | F109: =VLOOKUP(B109,'大货清单（不定期按GOMS更新）'!A:H,2,0) -> Floor One S5 Max | G109: =VLOOKUP(B109,'大货清单（不定期按GOMS更新）'!A:I,9,FALSE) -> 6971745581571 | H109: =VLOOKUP(B109,'大货清单（不定期按GOMS更新）'!A:H,7,0) -> White&black | I109: =VLOOKUP(B109,'大货清单（不定期按GOMS更新）'!A:F,6,FALSE) -> ACTIVE | J109: =VLOOKUP(B109,'大货清单（不定期按GOMS更新）'!A:K,11,FALSE) -> 9.2 | K109: =VLOOKUP(B109,'大货清单（不定期按GOMS更新）'!A:N,12,FALSE) -> 712 | L109: =VLOOKUP(B109,'大货清单（不定期按GOMS更新）'!A:M,13,FALSE) -> 321 | M109: =VLOOKUP(B109,'大货清单（不定期按GOMS更新）'!A:N,14,FALSE) -> 278 | N109: 9FWRH061600 | O109: =IFERROR(VLOOKUP(N109,'散件迭代（不定期更新）'!C:J,8,FALSE),0) -> 0 | P109: =IFERROR(VLOOKUP(N109,'散件（更新）'!B:H,3,FALSE),0) -> 0 | Q109: =VLOOKUP(N109,'散件（更新）'!B:H,2,FALSE) -> 114-23761902 | R109: =VLOOKUP(N109,'散件（更新）'!B:H,7,FALSE) -> plastic part | S109: =VLOOKUP(N109,'散件（更新）'!B:E,4,FALSE) -> https://tineco-yxzt.oss-accelerate.aliyuncs.com/20250603/weixinjietu_20250530090631_1748929674665.png | U109: =VLOOKUP(N109,'散件（更新）'!B:G,6,FALSE) -> SP;CL2376S-02;转接头组件（带锁扣） | V109: =VLOOKUP(N109,'散件（更新）'!B:I,8,FALSE) -> 6932485008742
... A115: 46169 | B115: FW480500UK | C115: =VLOOKUP(B115,'大货清单（不定期按GOMS更新）'!A:H,8,0) -> 109-25351001 | D115: =VLOOKUP(B115,'大货清单（不定期按GOMS更新）'!A:C,3,0) -> CL2535J-01 | E115: =VLOOKUP(B115,'大货清单（不定期按GOMS更新）'!A:H,4,0) -> GB | F115: =VLOOKUP(B115,'大货清单（不定期按GOMS更新）'!A:H,2,0) -> Floor One S5 Max | G115: =VLOOKUP(B115,'大货清单（不定期按GOMS更新）'!A:I,9,FALSE) -> 6971745581571 | H115: =VLOOKUP(B115,'大货清单（不定期按GOMS更新）'!A:H,7,0) -> White&black | I115: =VLOOKUP(B115,'大货清单（不定期按GOMS更新）'!A:F,6,FALSE) -> ACTIVE | J115: =VLOOKUP(B115,'大货清单（不定期按GOMS更新）'!A:K,11,FALSE) -> 9.2 | K115: =VLOOKUP(B115,'大货清单（不定期按GOMS更新）'!A:N,12,FALSE) -> 712 | L115: =VLOOKUP(B115,'大货清单（不定期按GOMS更新）'!A:M,13,FALSE) -> 321 | M115: =VLOOKUP(B115,'大货清单（不定期按GOMS更新）'!A:N,14,FALSE) -> 278 | N115: 9FWRH4301US | O115: =IFERROR(VLOOKUP(N115,'散件迭代（不定期更新）'!C:J,8,FALSE),0) -> 0 | P115: =IFERROR(VLOOKUP(N115,'散件（更新）'!B:H,3,FALSE),0) | Q115: =VLOOKUP(N115,'散件（更新）'!B:H,2,FALSE) -> 114-24580807 | R115: =VLOOKUP(N115,'散件（更新）'!B:H,7,FALSE) -> plastic part | S115: =VLOOKUP(N115,'散件（更新）'!B:E,4,FALSE) -> https://tineco-yxzt.oss-accelerate.aliyuncs.com/20250331/weixinjietu_20250326165223_1743413259241.png | U115: =VLOOKUP(N115,'散件（更新）'!B:G,6,FALSE) -> SP;CL2458H-01;回收桶进气接头包胶组件 | V115: =VLOOKUP(N115,'散件（更新）'!B:I,8,FALSE) -> 6932485006588
A116: 46169 | B116: FW480500UK | C116: =VLOOKUP(B116,'大货清单（不定期按GOMS更新）'!A:H,8,0) -> 109-25351001 | D116: =VLOOKUP(B116,'大货清单（不定期按GOMS更新）'!A:C,3,0) -> CL2535J-01 | E116: =VLOOKUP(B116,'大货清单（不定期按GOMS更新）'!A:H,4,0) -> GB | F116: =VLOOKUP(B116,'大货清单（不定期按GOMS更新）'!A:H,2,0) -> Floor One S5 Max | G116: =VLOOKUP(B116,'大货清单（不定期按GOMS更新）'!A:I,9,FALSE) -> 6971745581571 | H116: =VLOOKUP(B116,'大货清单（不定期按GOMS更新）'!A:H,7,0) -> White&black | I116: =VLOOKUP(B116,'大货清单（不定期按GOMS更新）'!A:F,6,FALSE) -> ACTIVE | J116: =VLOOKUP(B116,'大货清单（不定期按GOMS更新）'!A:K,11,FALSE) -> 9.2 | K116: =VLOOKUP(B116,'大货清单（不定期按GOMS更新）'!A:N,12,FALSE) -> 712 | L116: =VLOOKUP(B116,'大货清单（不定期按GOMS更新）'!A:M,13,FALSE) -> 321 | M116: =VLOOKUP(B116,'大货清单（不定期按GOMS更新）'!A:N,14,FALSE) -> 278 | N116: 9FWRH480000 | O116: =IFERROR(VLOOKUP(N116,'散件迭代（不定期更新）'!C:J,8,FALSE),0) -> 0 | P116: =IFERROR(VLOOKUP(N116,'散件（更新）'!B:H,3,FALSE),0) -> 0 | Q116: =VLOOKUP(N116,'散件（更新）'!B:H,2,FALSE) -> 114-25350101 | R116: =VLOOKUP(N116,'散件（更新）'!B:H,7,FALSE) -> Main Body Rear Cover Soft Rubber Plug | S116: =VLOOKUP(N116,'散件（更新）'!B:E,4,FALSE) -> https://tineco-yxzt.oss-accelerate.aliyuncs.com/20250912/weixinjietu_20250903191712_1757643971627.png | T116: DWT sensor | U116: =VLOOKUP(N116,'散件（更新）'!B:G,6,FALSE) -> SP;CL2535A-01;后盖软胶塞组件 | V116: =VLOOKUP(N116,'散件（更新）'!B:I,8,FALSE) -> 6932485013456
A117: 46169 | B117: FW480500UK | C117: =VLOOKUP(B117,'大货清单（不定期按GOMS更新）'!A:H,8,0) -> 109-25351001 | D117: =VLOOKUP(B117,'大货清单（不定期按GOMS更新）'!A:C,3,0) -> CL2535J-01 | E117: =VLOOKUP(B117,'大货清单（不定期按GOMS更新）'!A:H,4,0) -> GB | F117: =VLOOKUP(B117,'大货清单（不定期按GOMS更新）'!A:H,2,0) -> Floor One S5 Max | G117: =VLOOKUP(B117,'大货清单（不定期按GOMS更新）'!A:I,9,FALSE) -> 6971745581571 | H117: =VLOOKUP(B117,'大货清单（不定期按GOMS更新）'!A:H,7,0) -> White&black | I117: =VLOOKUP(B117,'大货清单（不定期按GOMS更新）'!A:F,6,FALSE) -> ACTIVE | J117: =VLOOKUP(B117,'大货清单（不定期按GOMS更新）'!A:K,11,FALSE) -> 9.2 | K117: =VLOOKUP(B117,'大货清单（不定期按GOMS更新）'!A:N,12,FALSE) -> 712 | L117: =VLOOKUP(B117,'大货清单（不定期按GOMS更新）'!A:M,13,FALSE) -> 321 | M117: =VLOOKUP(B117,'大货清单（不定期按GOMS更新）'!A:N,14,FALSE) -> 278 | N117: 9FWRH480100 | O117: =IFERROR(VLOOKUP(N117,'散件迭代（不定期更新）'!C:J,8,FALSE),0) -> 0 | P117: =IFERROR(VLOOKUP(N117,'散件（更新）'!B:H,3,FALSE),0) -> 0 | Q117: =VLOOKUP(N117,'散件（更新）'!B:H,2,FALSE) -> 114-25350102 | R117: =VLOOKUP(N117,'散件（更新）'!B:H,7,FALSE) -> Main Body Front Cover | S117: =VLOOKUP(N117,'散件（更新）'!B:E,4,FALSE) -> https://tineco-yxzt.oss-accelerate.aliyuncs.com/20250912/weixinjietu_20250903191845_1757644060502.png | T117: for main body | U117: =VLOOKUP(N117,'散件（更新）'!B:G,6,FALSE) -> SP;CL2535A-01;机体前盖 | V117: =VLOOKUP(N117,'散件（更新）'!B:I,8,FALSE) -> 6932485013463
A118: 46169 | B118: FW480500UK | C118: =VLOOKUP(B118,'大货清单（不定期按GOMS更新）'!A:H,8,0) -> 109-25351001 | D118: =VLOOKUP(B118,'大货清单（不定期按GOMS更新）'!A:C,3,0) -> CL2535J-01 | E118: =VLOOKUP(B118,'大货清单（不定期按GOMS更新）'!A:H,4,0) -> GB | F118: =VLOOKUP(B118,'大货清单（不定期按GOMS更新）'!A:H,2,0) -> Floor One S5 Max | G118: =VLOOKUP(B118,'大货清单（不定期按GOMS更新）'!A:I,9,FALSE) -> 6971745581571 | H118: =VLOOKUP(B118,'大货清单（不定期按GOMS更新）'!A:H,7,0) -> White&black | I118: =VLOOKUP(B118,'大货清单（不定期按GOMS更新）'!A:F,6,FALSE) -> ACTIVE | J118: =VLOOKUP(B118,'大货清单（不定期按GOMS更新）'!A:K,11,FALSE) -> 9.2 | K118: =VLOOKUP(B118,'大货清单（不定期按GOMS更新）'!A:N,12,FALSE) -> 712 | L118: =VLOOKUP(B118,'大货清单（不定期按GOMS更新）'!A:M,13,FALSE) -> 321 | M118: =VLOOKUP(B118,'大货清单（不定期按GOMS更新）'!A:N,14,FALSE) -> 278 | N118: 9FWRH480200 | O118: =IFERROR(VLOOKUP(N118,'散件迭代（不定期更新）'!C:J,8,FALSE),0) -> 0 | P118: =IFERROR(VLOOKUP(N118,'散件（更新）'!B:H,3,FALSE),0) -> 0 | Q118: =VLOOKUP(N118,'散件（更新）'!B:H,2,FALSE) -> 114-25350105 | R118: =VLOOKUP(N118,'散件（更新）'!B:H,7,FALSE) -> Main Body Rear Cover | S118: =VLOOKUP(N118,'散件（更新）'!B:E,4,FALSE) -> https://tineco-yxzt.oss-accelerate.aliyuncs.com/20250912/weixinjietu_20250908105329_1757644255715.png | T118: for brush | U118: =VLOOKUP(N118,'散件（更新）'!B:G,6,FALSE) -> SP;CL2535A-01;机体后盖 | V118: =VLOOKUP(N118,'散件（更新）'!B:I,8,FALSE) -> 6932485013494
A119: 46169 | B119: FW480500UK | C119: =VLOOKUP(B119,'大货清单（不定期按GOMS更新）'!A:H,8,0) -> 109-25351001 | D119: =VLOOKUP(B119,'大货清单（不定期按GOMS更新）'!A:C,3,0) -> CL2535J-01 | E119: =VLOOKUP(B119,'大货清单（不定期按GOMS更新）'!A:H,4,0) -> GB | F119: =VLOOKUP(B119,'大货清单（不定期按GOMS更新）'!A:H,2,0) -> Floor One S5 Max | G119: =VLOOKUP(B119,'大货清单（不定期按GOMS更新）'!A:I,9,FALSE) -> 6971745581571 | H119: =VLOOKUP(B119,'大货清单（不定期按GOMS更新）'!A:H,7,0) -> White&black | I119: =VLOOKUP(B119,'大货清单（不定期按GOMS更新）'!A:F,6,FALSE) -> ACTIVE | J119: =VLOOKUP(B119,'大货清单（不定期按GOMS更新）'!A:K,11,FALSE) -> 9.2 | K119: =VLOOKUP(B119,'大货清单（不定期按GOMS更新）'!A:N,12,FALSE) -> 712 | L119: =VLOOKUP(B119,'大货清单（不定期按GOMS更新）'!A:M,13,FALSE) -> 321 | M119: =VLOOKUP(B119,'大货清单（不定期按GOMS更新）'!A:N,14,FALSE) -> 278 | N119: 9FWRH480300 | O119: =IFERROR(VLOOKUP(N119,'散件迭代（不定期更新）'!C:J,8,FALSE),0) -> 0 | P119: =IFERROR(VLOOKUP(N119,'散件（更新）'!B:H,3,FALSE),0) -> 0 | Q119: =VLOOKUP(N119,'散件（更新）'!B:H,2,FALSE) -> 114-25350106 | R119: =VLOOKUP(N119,'散件（更新）'!B:H,7,FALSE) -> Main Body Rear Upper Cover | S119: =VLOOKUP(N119,'散件（更新）'!B:E,4,FALSE) -> https://tineco-yxzt.oss-accelerate.aliyuncs.com/20250912/weixinjietu_20250908105444_1757644339744.png | U119: =VLOOKUP(N119,'散件（更新）'!B:G,6,FALSE) -> SP;CL2535A-01;机体后上盖 | V119: =VLOOKUP(N119,'散件（更新）'!B:I,8,FALSE) -> 6932485013500
A120: 46169 | B120: FW480500UK | C120: =VLOOKUP(B120,'大货清单（不定期按GOMS更新）'!A:H,8,0) -> 109-25351001 | D120: =VLOOKUP(B120,'大货清单（不定期按GOMS更新）'!A:C,3,0) -> CL2535J-01 | E120: =VLOOKUP(B120,'大货清单（不定期按GOMS更新）'!A:H,4,0) -> GB | F120: =VLOOKUP(B120,'大货清单（不定期按GOMS更新）'!A:H,2,0) -> Floor One S5 Max | G120: =VLOOKUP(B120,'大货清单（不定期按GOMS更新）'!A:I,9,FALSE) -> 6971745581571 | H120: =VLOOKUP(B120,'大货清单（不定期按GOMS更新）'!A:H,7,0) -> White&black | I120: =VLOOKUP(B120,'大货清单（不定期按GOMS更新）'!A:F,6,FALSE) -> ACTIVE | J120: =VLOOKUP(B120,'大货清单（不定期按GOMS更新）'!A:K,11,FALSE) -> 9.2 | K120: =VLOOKUP(B120,'大货清单（不定期按GOMS更新）'!A:N,12,FALSE) -> 712 | L120: =VLOOKUP(B120,'大货清单（不定期按GOMS更新）'!A:M,13,FALSE) -> 321 | M120: =VLOOKUP(B120,'大货清单（不定期按GOMS更新）'!A:N,14,FALSE) -> 278 | N120: 9FWRH630000 | O120: =IFERROR(VLOOKUP(N120,'散件迭代（不定期更新）'!C:J,8,FALSE),0) -> 0 | P120: =IFERROR(VLOOKUP(N120,'散件（更新）'!B:H,3,FALSE),0) | Q120: =VLOOKUP(N120,'散件（更新）'!B:H,2,FALSE) -> 114-25620402 | R120: =VLOOKUP(N120,'散件（更新）'!B:H,7,FALSE) -> Lower Decorative Cover | S120: =VLOOKUP(N120,'散件（更新）'!B:E,4,FALSE) -> https://tineco-yxzt.oss-accelerate.aliyuncs.com/20260123/114-25620402-jitixiazhuangshigai_1769143825985.png | U120: =VLOOKUP(N120,'散件（更新）'!B:G,6,FALSE) -> SP;CL2562D-01;机体下装饰盖 | V120: =VLOOKUP(N120,'散件（更新）'!B:I,8,FALSE) -> 6932485021345
A121: 46169 | B121: FW480500UK | C121: =VLOOKUP(B121,'大货清单（不定期按GOMS更新）'!A:H,8,0) -> 109-25351001 | D121: =VLOOKUP(B121,'大货清单（不定期按GOMS更新）'!A:C,3,0) -> CL2535J-01 | E121: =VLOOKUP(B121,'大货清单（不定期按GOMS更新）'!A:H,4,0) -> GB | F121: =VLOOKUP(B121,'大货清单（不定期按GOMS更新）'!A:H,2,0) -> Floor One S5 Max | G121: =VLOOKUP(B121,'大货清单（不定期按GOMS更新）'!A:I,9,FALSE) -> 6971745581571 | H121: =VLOOKUP(B121,'大货清单（不定期按GOMS更新）'!A:H,7,0) -> White&black | I121: =VLOOKUP(B121,'大货清单（不定期按GOMS更新）'!A:F,6,FALSE) -> ACTIVE | J121: =VLOOKUP(B121,'大货清单（不定期按GOMS更新）'!A:K,11,FALSE) -> 9.2 | K121: =VLOOKUP(B121,'大货清单（不定期按GOMS更新）'!A:N,12,FALSE) -> 712 | L121: =VLOOKUP(B121,'大货清单（不定期按GOMS更新）'!A:M,13,FALSE) -> 321 | M121: =VLOOKUP(B121,'大货清单（不定期按GOMS更新）'!A:N,14,FALSE) -> 278 | N121: 9FWRH640500 | O121: =IFERROR(VLOOKUP(N121,'散件迭代（不定期更新）'!C:J,8,FALSE),0) -> 0 | P121: =IFERROR(VLOOKUP(N121,'散件（更新）'!B:H,3,FALSE),0) | Q121: =VLOOKUP(N121,'散件（更新）'!B:H,2,FALSE) -> 114-24360409 | R121: =VLOOKUP(N121,'散件（更新）'!B:H,7,FALSE) -> Brush Motor Handle Cover | S121: =VLOOKUP(N121,'散件（更新）'!B:E,4,FALSE) -> https://tineco-yxzt.oss-accelerate.aliyuncs.com/20251222/114-24360409shoubinggaiban_1766398955483.png | T121: for main body | U121: =VLOOKUP(N121,'散件（更新）'!B:G,6,FALSE) -> SP;CL2436D-01;有刷电机手柄盖板 | V121: =VLOOKUP(N121,'散件（更新）'!B:I,8,FALSE) -> 6932485018611
A122: 46169 | B122: FW480500UK | C122: =VLOOKUP(B122,'大货清单（不定期按GOMS更新）'!A:H,8,0) -> 109-25351001 | D122: =VLOOKUP(B122,'大货清单（不定期按GOMS更新）'!A:C,3,0) -> CL2535J-01 | E122: =VLOOKUP(B122,'大货清单（不定期按GOMS更新）'!A:H,4,0) -> GB | F122: =VLOOKUP(B122,'大货清单（不定期按GOMS更新）'!A:H,2,0) -> Floor One S5 Max | G122: =VLOOKUP(B122,'大货清单（不定期按GOMS更新）'!A:I,9,FALSE) -> 6971745581571 | H122: =VLOOKUP(B122,'大货清单（不定期按GOMS更新）'!A:H,7,0) -> White&black | I122: =VLOOKUP(B122,'大货清单（不定期按GOMS更新）'!A:F,6,FALSE) -> ACTIVE | J122: =VLOOKUP(B122,'大货清单（不定期按GOMS更新）'!A:K,11,FALSE) -> 9.2 | K122: =VLOOKUP(B122,'大货清单（不定期按GOMS更新）'!A:N,12,FALSE) -> 712 | L122: =VLOOKUP(B122,'大货清单（不定期按GOMS更新）'!A:M,13,FALSE) -> 321 | M122: =VLOOKUP(B122,'大货清单（不定期按GOMS更新）'!A:N,14,FALSE) -> 278 | N122: 9FWRI340000 | O122: =IFERROR(VLOOKUP(N122,'散件迭代（不定期更新）'!C:J,8,FALSE),0) -> 0 | P122: =IFERROR(VLOOKUP(N122,'散件（更新）'!B:H,3,FALSE),0) -> 0 | Q122: =VLOOKUP(N122,'散件（更新）'!B:H,2,FALSE) -> 114-25430005 | R122: =VLOOKUP(N122,'散件（更新）'!B:H,7,FALSE) -> Wire | S122: =VLOOKUP(N122,'散件（更新）'!B:E,4,FALSE) -> https://tineco-yxzt.oss-accelerate.aliyuncs.com/20250826/weixinjietu_20250826110934_1756177787283.png | U122: =VLOOKUP(N122,'散件（更新）'!B:G,6,FALSE) -> SP;CL2543-01;烘干托盘充电导线组件 | V122: =VLOOKUP(N122,'散件（更新）'!B:I,8,FALSE) -> 6975159901604
A123: 46169 | B123: FW480500UK | C123: =VLOOKUP(B123,'大货清单（不定期按GOMS更新）'!A:H,8,0) -> 109-25351001 | D123: =VLOOKUP(B123,'大货清单（不定期按GOMS更新）'!A:C,3,0) -> CL2535J-01 | E123: =VLOOKUP(B123,'大货清单（不定期按GOMS更新）'!A:H,4,0) -> GB | F123: =VLOOKUP(B123,'大货清单（不定期按GOMS更新）'!A:H,2,0) -> Floor One S5 Max | G123: =VLOOKUP(B123,'大货清单（不定期按GOMS更新）'!A:I,9,FALSE) -> 6971745581571 | H123: =VLOOKUP(B123,'大货清单（不定期按GOMS更新）'!A:H,7,0) -> White&black | I123: =VLOOKUP(B123,'大货清单（不定期按GOMS更新）'!A:F,6,FALSE) -> ACTIVE | J123: =VLOOKUP(B123,'大货清单（不定期按GOMS更新）'!A:K,11,FALSE) -> 9.2 | K123: =VLOOKUP(B123,'大货清单（不定期按GOMS更新）'!A:N,12,FALSE) -> 712 | L123: =VLOOKUP(B123,'大货清单（不定期按GOMS更新）'!A:M,13,FALSE) -> 321 | M123: =VLOOKUP(B123,'大货清单（不定期按GOMS更新）'!A:N,14,FALSE) -> 278 | N123: 9FWRI400000 | O123: =IFERROR(VLOOKUP(N123,'散件迭代（不定期更新）'!C:J,8,FALSE),0) -> 0 | P123: =IFERROR(VLOOKUP(N123,'散件（更新）'!B:H,3,FALSE),0) -> 0 | Q123: =VLOOKUP(N123,'散件（更新）'!B:H,2,FALSE) -> 114-23280211 | R123: =VLOOKUP(N123,'散件（更新）'!B:H,7,FALSE) -> Wire | S123: =VLOOKUP(N123,'散件（更新）'!B:E,4,FALSE) -> https://tineco-yxzt.oss-accelerate.aliyuncs.com/20240306/xinhaojiance_1709692284161.GIF | T123: water sensor | U123: =VLOOKUP(N123,'散件（更新）'!B:G,6,FALSE) -> 回收桶信号检测组件 | V123: =VLOOKUP(N123,'散件（更新）'!B:I,8,FALSE) -> 6974950107215
A124: 46169 | B124: FW480500UK | C124: =VLOOKUP(B124,'大货清单（不定期按GOMS更新）'!A:H,8,0) -> 109-25351001 | D124: =VLOOKUP(B124,'大货清单（不定期按GOMS更新）'!A:C,3,0) -> CL2535J-01 | E124: =VLOOKUP(B124,'大货清单（不定期按GOMS更新）'!A:H,4,0) -> GB | F124: =VLOOKUP(B124,'大货清单（不定期按GOMS更新）'!A:H,2,0) -> Floor One S5 Max | G124: =VLOOKUP(B124,'大货清单（不定期按GOMS更新）'!A:I,9,FALSE) -> 6971745581571 | H124: =VLOOKUP(B124,'大货清单（不定期按GOMS更新）'!A:H,7,0) -> White&black | I124: =VLOOKUP(B124,'大货清单（不定期按GOMS更新）'!A:F,6,FALSE) -> ACTIVE | J124: =VLOOKUP(B124,'大货清单（不定期按GOMS更新）'!A:K,11,FALSE) -> 9.2 | K124: =VLOOKUP(B124,'大货清单（不定期按GOMS更新）'!A:N,12,FALSE) -> 712 | L124: =VLOOKUP(B124,'大货清单（不定期按GOMS更新）'!A:M,13,FALSE) -> 321 | M124: =VLOOKUP(B124,'大货清单（不定期按GOMS更新）'!A:N,14,FALSE) -> 278 | N124: 9FWRI480000 | O124: =IFERROR(VLOOKUP(N124,'散件迭代（不定期更新）'!C:J,8,FALSE),0) -> 0 | P124: =IFERROR(VLOOKUP(N124,'散件（更新）'!B:H,3,FALSE),0) -> 0 | Q124: =VLOOKUP(N124,'散件（更新）'!B:H,2,FALSE) -> 114-25350100 | R124: =VLOOKUP(N124,'散件（更新）'!B:H,7,FALSE) -> LED Display Connection Wire | S124: =VLOOKUP(N124,'散件（更新）'!B:E,4,FALSE) -> https://tineco-yxzt.oss-accelerate.aliyuncs.com/20250912/weixinjietu_20250903191802_1757643589846.png | T124: dirt sensor | U124: =VLOOKUP(N124,'散件（更新）'!B:G,6,FALSE) -> SP;CL2535A-01;CL2535A LED显示屏连接导线 | V124: =VLOOKUP(N124,'散件（更新）'!B:I,8,FALSE) -> 6932485013449
...

Sheet Refurbished FG list
A1: Refurbished SKU | B1: NAME | C1: Area | D1: Refurbished SAP ID | E1: EAN
A2: FW0501A0EU | B2: Floor One S3 | C2: EU | D2: 109-18790001-A | E2: 6932485014422
A3: FW0501B0EU | B3: Floor One S3 | C3: EU | D3: 109-18790001-B | E3: 6932485014439
A4: FW0507A0DE | B4: Floor One S3 Extreme | C4: EU | D4: 109-18790009-A | E4: 6932485014446
A5: FW0507B0DE | B5: Floor One S3 Extreme | C5: EU | D5: 109-18790009-B | E5: 6932485014453
A6: FW0301A0EU | B6: iFloor 3 | C6: EU | D6: 109-18790501-A | E6: 6932485014460
A7: FW0301B0EU | B7: iFloor 3 | C7: EU | D7: 109-18790501-B | E7: 6932485014477
A8: FW0306A0DE | B8: iFloor 3 Plus | C8: EU | D8: 109-18790505-A | E8: 6932485014484
A9: FW0306B0DE | B9: iFloor 3 Plus | C9: EU | D9: 109-18790505-B | E9: 6932485014491
A10: FW0401A0EU | B10: iFloor Breeze | C10: EU | D10: 109-20110401-A | E10: 6932485014507
A11: FW0401B0EU | B11: iFloor Breeze | C11: EU | D11: 109-20110401-B | E11: 6932485014514
A12: FW0406A0EU | B12: iFloor 3 Breeze Plus | C12: EU | D12: 109-20110406-A | E12: 6932485014521
A13: FW0406B0EU | B13: iFloor 3 Breeze Plus | C13: EU | D13: 109-20110406-B | E13: 6932485014538
... A264: FW2E02A0DE | B264: Floor One S9 Artist Elite | C264: EU | D264: 109-25810002-A | E264: 6932485023318
A265: VS1B09A0DE | B265: PURE ONE STATION PET | C265: EU | D265: 107-22251401-A
A266: VS1B09B0DE | B266: PURE ONE STATION PET | C266: EU | D266: 107-22251401-B
A267: VS2602B0DE | B267: PURE ONE A70S | C267: EU | D267: 107-25600002-B
A268: FW1038A0EU | B268: Floor One S5 Extreme | C268: EU | D268: 109-20191902-A
A269: FW1038B0EU | B269: Floor One S5 Extreme | C269: EU | D269: 109-20191902-B
A270: FW7701A0DE | B270: Floor One Station S9 Scientist | C270: EU | D270: 109-24281001-A
A271: FW7701B0DE | B271: Floor One Station S9 Scientist | C271: EU | D271: 109-24281001-B
A272: FW3420A0DE | B272: Floor One Stretch S6 Combo | C272: EU | D272: 109-25430202-A
A273: FW3420B0DE | B273: Floor One Stretch S6 Combo | C273: EU | D273: 109-25430202-B
A274: FW7801A0DE | B274: Floor One S9 Artist Boost Steam Premium | C274: EU | D274: 109-26150001-A
A275: FW7801B0DE | B275: Floor One S9 Artist Boost Steam Premium | C275: EU | D275: 109-26150001-B
A276: FW7802A0DE | B276: Floor One S9 Artist Boost Steam | C276: EU | D276: 109-26150002-A
A277: FW7802B0DE | B277: Floor One S9 Artist Boost Steam | C277: EU | D277: 109-26150002-B

Sheet 大货清单（不定期按GOMS更新）
A1: 产品SKU | B1: 产品名称 | C1: 产品系列型号 | D1: 国家 | E1: 渠道大类 | F1: 产品状态(更新) | G1: 产品颜色 | H1: 产品SAP ID | I1: 商品流通码EAN/EAN | J1: 商品流通码UPC(NA)/UPC | K1: 箱毛重KG/Gross weight | L1: 外箱包装尺寸(MM)长/Package MM Length | M1: 外箱包装尺寸(MM)宽/Package MM Width | N1: 外箱包装尺寸(MM)高/Package MM Height | O1: 备注 | P1: 检查list | Q1: 来源：产品档案
A2: VA110000EU | B2: A11 Hero | C2: ZB1769U-01 | D2: 0 | E2: OFFLINE | F2: PHASEOUT | G2: Moonstone | H2: 165-1769-2101,107-17692101 | I2: 6972200192752 | J2: 0 | K2: 6.15 | L2: 756 | M2: 154 | N2: 279
A3: FW102400UK | B3: Floor One S5 Extreme | C3: CL2019F-06 | D3: IE,GB | E3: OFFLINE,ONLINE | F3: PHASEOUT | G3: Blue | H3: 109-20190606 | I3: 6972200199249 | J3: /, | K3: 8.2 | L3: 326 | M3: 296 | N3: 672
A4: UKA111MOO | B4: A11 Hero | C4: ZB1769-01 | D4: 0 | F4: PHASEOUT | G4: Moonstone | H4: 107-17690001 | I4: #N/A | J4: 0 | K4: 6.9 | L4: 784 | M4: 180 | N4: 326
A5: FW1B0200US | B5: GO H2O-GH203 | C5: CL2315G-02 | D5: US | E5: OFFLINE | F5: ACTIVE | G5: White/light blue | H5: 109-23150702 | I5: #N/A | J5: 194846101462 | K5: 9.04 | L5: 722 | M5: 326 | N5: 289
A6: FW007700US | B6: Floor One S3 Complete | C6: CL2011F-02 | D6: US | E6: ONLINE | F6: PHASEOUT | G6: Black | H6: 109-20110602 | I6: #N/A | J6: 194846100816 | K6: 8.6 | L6: 326 | M6: 296 | N6: 672
A7: FW040100US | B7: iFloor 3 Breeze | C7: CL2011A-01 | D7: US,MX,NI,CA | E7: OFFLINE,ONLINE | F7: ACTIVE | G7: White&Grey | H7: 109-20110101 | I7: #N/A | J7: 194846100199 | K7: 7.4 | L7: 326 | M7: 296 | N7: 672
A8: JPA103GRY | B8: A10 Danimo | C8: ZB1756C-03 | D8: 0 | F8: PHASEOUT | G8: Metallic Grey | H8: 107-17560303 | I8: #N/A | J8: 0 | K8: 0 | L8: 0 | M8: 0 | N8: 0
A9: FW030900VN | B9: iFloor 3 | C9: CL1879E-07 | D9: VN | E9: OFFLINE | F9: PHASEOUT | G9: White&Grey | H9: 109-18790507 | I9: 6972200199447 | J9: / | K9: 9.1 | L9: 743 | M9: 330 | N9: 300
A10: FW050100EU | B10: Floor One S3 | C10: CL1879-01 | D10: CL,FR,IT,UA,ES,DE,AT,CH,TR,SE,PL,NL,BE | E10: OFFLINE,ONLINE | F10: PHASEOUT | G10: Black | H10: 109-18790001 | I10: 6972200190512 | J10: /, | K10: 8 | L10: 326 | M10: 296 | N10: 736
A11: FW040600EU | B11: iFloor 3 Breeze Plus | C11: CL2011D-06 | D11: DE,FR,IT,ES,NL,PL,SE,BE | E11: ONLINE | F11: ACTIVE | G11: White&Grey | H11: 109-20110406 | I11: 6972200199225 | J11: / | K11: 7.5 | L11: 326 | M11: 296 | N11: 672
A12: VA101100US | B12: A10 Spartan | C12: ZB1756D-06 | D12: CA,US | E12: OFFLINE,ONLINE | F12: PHASEOUT | G12: Metallic Grey | H12: 107-17560406 | I12: #N/A | J12: 194846000857 | K12: 4.7 | L12: 756 | M12: 154 | N12: 279
A13: FW030100UK | B13: iFloor 3 | C13: CL1879E-02 | D13: GB,AE,FR | E13: ONLINE | F13: PHASEOUT | G13: White&Grey | H13: 109-18790502 | I13: 6972200192158 | J13: / | K13: 8 | L13: 326 | M13: 296 | N13: 736
A14: FW104000VN | B14: Floor One S5 | C14: CL2019V-01 | D14: VN | E14: OFFLINE | F14: PHASEOUT | G14: black | H14: 109-20192201 | I14: 6974950102272 | J14: 0 | K14: 8.5 | L14: 334 | M14: 304 | N14: 683
A15: EUS123GRY | B15: PURE ONE S12 PLUS | C15: ZB1873G-03 | D15: 0 | F15: PHASEOUT | G15: Metallic Grey | H15: 107-18730703 | I15: #N/A | J15: 0 | K15: 8.2 | L15: 840 | M15: 163 | N15: 394
A16: HD050200UK | B16: MODA ONE | C16: CD1960D-05 | D16: GB | E16: ONLINE | F16: CANCEL | G16: Cream | H16: 111-19600405 | I16: 6972200192400 | J16: / | K16: 8.57 | L16: 267 | M16: 368 | N16: 402
A17: FW103200US | B17: Floor One S5 Pro 2 | C17: CL2019Q-01 | D17: US | E17: ONLINE | F17: PHASEOUT | G17: black | H17: 109-20191701 | I17: #N/A | J17: 194846100601 | K17: 8 | L17: 326 | M17: 296 | N17: 672
A18: FW202500RU | B18: FLOOR ONE S7 PRO | C18: CL2123Q-01 | D18: RU | E18: OFFLINE | F18: PHASEOUT | G18: Black | H18: 109-21231701 | I18: 6974950104405 | J18: / | K18: 9.7 | L18: 674 | M18: 332 | N18: 306
A19: FW030100PH | B19: iFloor 3 | C19: CL1879D-04 | D19: PH | E19: ONLINE | F19: PHASEOUT | G19: White&Grey | H19: 109-18790404 | I19: 6972200195180 | J19: / | K19: 9.1 | L19: 334 | M19: 304 | N19: 748
A20: USA102BLU | B20: A10 Hero | C20: ZB1756B-05 | D20: 0 | F20: PHASEOUT | G20: Space Blue | H20: 107-17560205 | I20: #N/A | J20: / | K20: 0 | L20: 0 | M20: 0 | N20: 0
A21: SW110600DE | B21: Floor One S7 Steam Plus | C21: CL2203B-02 | D21: ES,DE,AT,CH,NL,FR,RO,DK,GR,IT,UA,HK | E21: OFFLINE | F21: ACTIVE | G21: White&Black | H21: 109-22030202 | I21: 6974950102234, 6974950102234, 6974950102234 | J21: / | K21: 9.6 | L21: 765 | M21: 330 | N21: 322
A22: VA101000EU | B22: A10 Hero | C22: ZB1756U-02 | D22: UA,DE,FR,CH,AT,ES,IT,NL,PL,SE,MN | E22: OFFLINE,ONLINE | F22: PHASEOUT | G22: Space Blue | H22: 107-17562102 | I22: 6972200192714 | J22: / | K22: 5 | L22: 756 | M22: 154 | N22: 279
A23: VS040400MY | B23: PURE ONE Mini S4 | C23: ZB1980H-05 | D23: MY,SG | E23: OFFLINE | F23: PHASEOUT | G23: White | H23: 107-19800805 | I23: 6972200199416 | J23: / | K23: 9.2 | L23: 494 | M23: 298 | N23: 462
A24: JPA102BLU | B24: A10 Hero | C24: ZB1756C-01 | D24: 0 | F24: PHASEOUT | G24: Space Blue | H24: 107-17560301 | I24: #N/A | J24: / | K24: 0 | L24: 0 | M24: 0 | N24: 0
A25: VA101000AU | B25: A10 Hero | C25: ZB1756L-01 | D25: AU | E25: OFFLINE,ONLINE | F25: PHASEOUT | G25: Space Blue | H25: 107-17561201 | I25: 6972200192646 | J25: / | K25: 5 | L25: 756 | M25: 154 | N25: 279 | O25: 老品不维护
A26: CW101800SA | B26: Carpet One | C26: CL2043K-01 | D26: AE,IQ | E26: OFFLINE | F26: ACTIVE | G26: Black | H26: 108-20431101 | I26: 6974950103323 | J26: / | K26: 13.4 | L26: 473 | M26: 346 | N26: 702
A27: FW104300SA | B27: Floor One S5 | C27: CL2019W-01 | D27: AE,JO | E27: OFFLINE | F27: PHASEOUT | G27: Black | H27: 109-20192301 | I27: 6974950103682 | J27: / | K27: 8 | L27: 326 | M27: 296 | N27: 672
A28: VS1A0800US | B28: 0 | C28: ZB2225K-02 | D28: US | E28: OFFLINE | F28: CANCEL | G28: 0 | H28: 107-22251102 | I28: #N/A | J28: 194846002721 | K28: 14.1 | L28: 813 | M28: 380 | N28: 324 | O28: 不维护
A29: SW100800AU | B29: Floor One S5 Steam | C29: CL2029G-01 | D29: AU | E29: ONLINE | F29: ACTIVE | G29: White&Black | H29: 109-20290701 | I29: 6972200198853 | J29: / | K29: 9.8 | L29: 362 | M29: 336 | N29: 676
A30: FW150800IL | B30: Floor One S5 Combo | C30: CL2020H-09 | D30: IL | E30: OFFLINE | F30: PHASEOUT | G30: Black | H30: 109-20200809 | I30: 6972200199263 | J30: / | K30: 8.12 | L30: 326 | M30: 292 | N30: 661
A31: HD050400US | B31: MODA ONE | C31: CD1960B-07 | D31: CA,US | E31: OFFLINE,ONLINE | F31: PHASEOUT | G31: Red | H31: 111-19600207 | I31: #N/A | J31: 194846200103, 194846200103 | K31: 9.45 | L31: 384 | M31: 378 | N31: 367 | O31: 不维护
A32: A10US0A02 | B32: A10 Master | C32: ZB1756R-02 | D32: US | F32: PHASEOUT | G32: Grey | H32: 107-17561802 | I32: #N/A | J32: 194846000499 | K32: 5.88 | L32: 784 | M32: 180 | N32: 326
A33: FW102700TH | B33: Floor One S5 Pro 2 | C33: CL2019B-08 | D33: TH,VN,MN | E33: OFFLINE | F33: PHASEOUT | G33: Black | H33: 109-20190208 | I33: 6972200199454 | J33: / | K33: 8.5 | L33: 334 | M33: 304 | N33: 683
A34: VA117000US | B34: PWRHERO 11 ZT | C34: ZB2016F-07 | D34: US,CA | E34: OFFLINE | F34: ACTIVE | G34: Coffee | H34: 107-20160607 | I34: #N/A | J34: 194846002509 | K34: 4.76 | L34: 742 | M34: 155 | N34: 288
A35: FW132900IN | B35: Floor One S5 Plus | C35: CL2371K-01 | D35: IN | E35: OFFLINE | F35: ACTIVE | G35: Black | H35: 109-23711101 | I35: 6974950108922 | J35: / | K35: 9.3 | L35: 676 | M35: 334 | N35: 310
A36: FW111300ID | B36: Floor One S6 | C36: CL2223H-03 | D36: ID,TH,VN,MN | E36: OFFLINE | F36: PHASEOUT | G36: Black | H36: 109-22230803 | I36: 6974950102456 | J36: / | K36: 9.76 | L36: 674 | M36: 332 | N36: 306
A37: VS180200US | B37: S10 ZT DUMMY | C37: ZB2210A-02 | D37: US,CA | E37: OFFLINE | F37: ACTIVE | G37: Dark Grey | H37: 107-22100102 | I37: #N/A | J37: 194846002530 | K37: 3.9 | L37: 456 | M37: 231 | N37: 331 | O37: l老机型不维护
A38: VA113000AU | B38: PWRHERO 11 Snap | C38: ZB2016C-01 | D38: AU | E38: ONLINE | F38: PHASEOUT | G38: Black | H38: 107-20160301 | I38: 6972200193988 | J38: / | K38: 4.1 | L38: 436 | M38: 196 | N38: 323 | O38: 老品不维护
A39: FW012800UK | B39: iFloor 2 Plus | C39: CL2041H-01 | D39: GB | E39: OFFLINE | F39: PHASEOUT | G39: White&Grey | H39: 109-20410801 | I39: 6974950104900 | J39: / | K39: 6.7 | L39: 674 | M39: 291 | N39: 338
A40: FW011500ID | B40: iFloor 2 | C40: CL2041B-05 | D40: ID | E40: OFFLINE | F40: ACTIVE | G40: White&Grey | H40: 109-20410205 | I40: 6974950102111 | J40: / | K40: 6.95 | L40: 674 | M40: 291 | N40: 336
A41: FW030100EU | B41: iFloor 3 | C41: CL1879E-01 | D41: IT,UA,ES,TR,FR,DE,AT,CH,NL,PL,SE | E41: OFFLINE,ONLINE | F41: PHASEOUT | G41: White&Grey | H41: 109-18790501 | I41: 6972200190482 | J41: / | K41: 8 | L41: 326 | M41: 296 | N41: 736
A42: FW151000VN | B42: Floor One S5 Combo | C42: CL2020H-11 | D42: VN | E42: OFFLINE | F42: PHASEOUT | G42: Black | H42: 109-20200811 | I42: 6972200199430 | J42: / | K42: 9 | L42: 334 | M42: 300 | N42: 672
A43: FW122400SG | B43: iFloor 5 | C43: CL2347E-02 | D43: SG,MY,HK,BN | E43: OFFLINE | F43: ACTIVE | G43: 白+黑 | H43: 109-23470502 | I43: 6974950105013 | J43: / | K43: 9.8 | L43: 685 | M43: 343 | N43: 320
A44: FW400900JP | B44: Floor One Stretch S6 | C44: CL2328F-01 | D44: JP | E44: ONLINE | F44: ACTIVE | G44: White | H44: 109-23280601 | I44: 6974950106782 | J44: / | K44: 9.2 | L44: 738 | M44: 332 | N44: 288
A45: VA101000MY | B45: A10 Hero | C45: ZB1756V-06 | D45: SG,MY,PH | E45: OFFLINE,ONLINE | F45: PHASEOUT | G45: Space Blue | H45: 107-17562206 | I45: 6972200192639 | J45: / | K45: 5 | L45: 770 | M45: 169 | N45: 297
A46: FW007400US | B46: Floor One S2 Dummy | C46: CL2011E-02 | D46: US | E46: OFFLINE | F46: PHASEOUT | G46: Dark Grey | H46: 109-20110502 | I46: #N/A | J46: 194846100731 | K46: 5.8 | L46: 326 | M46: 296 | N46: 670
A47: FW101600DE | B47: Floor One S5 Extreme | C47: CL2019F-05 | D47: ES,FR,DE,AT,CH,DK,GR,NL,UA,LT,CZ,HU,IT,PL | E47: OFFLINE | F47: ACTIVE | G47: Blue | H47: 109-20190605 | I47: 6972200198495 | J47: / | K47: 8.2 | L47: 326 | M47: 296 | N47: 672
A48: FW041300SA | B48: Ifloor 3 breeze | C48: CL2011I-01 | D48: AE | E48: OFFLINE | F48: PHASEOUT | G48: White&Grey | H48: 109-20110901 | I48: 6974950103675 | J48: / | K48: 7.4 | L48: 326 | M48: 296 | N48: 672
A49: FW222400VN | B49: Floor One S7 Flashdry | C49: CL2335L-01 | D49: TH,TR | E49: OFFLINE | F49: ACTIVE | G49: Black | H49: 109-23351201 | I49: 6974950105488, 6974950105488 | J49: / | K49: 11.5 | L49: 682 | M49: 340 | N49: 337
A50: VA101100CA | B50: A10 Hero | C50: ZB1756D-05 | D50: CA | E50: OFFLINE | F50: PHASEOUT | G50: Space Blue | H50: 107-17560405 | I50: #N/A | J50: 194846000802 | K50: 5 | L50: 756 | M50: 154 | N50: 279
A51: VA110000JP | B51: A11 Hero | C51: ZB1769V-01 | D51: JP | E51: ONLINE | F51: PHASEOUT | G51: Moonstone | H51: 107-17692201 | I51: #N/A | J51: 194846000185 | K51: 7.39 | L51: 822 | M51: 192 | N51: 328
A52: USS123GRY | B52: PURE ONE S12 PLUS | C52: ZB1873B-02 | D52: 0 | F52: PHASEOUT | G52: Metallic Grey | H52: 107-18730202 | I52: #N/A | J52: 194846000529 | K52: 8.2 | L52: 840 | M52: 163 | N52: 394
A53: FW010400JP | B53: iFloor 2 | C53: CL2041A-01 | D53: JP | E53: ONLINE | F53: PHASEOUT | G53: White&Grey | H53: 109-20410101 | I53: 6972200196903 | J53: / | K53: 6.7 | L53: 674 | M53: 291 | N53: 336
A54: FW123400AE | B54: iFloor 5 | C54: CL2347E-05 | D54: AE,JO,IQ | E54: OFFLINE | F54: ACTIVE | G54: 白+黑 | H54: 109-23470505 | I54: 6974950108304 | J54: / | K54: 8.4 | L54: 674 | M54: 332 | N54: 306
A55: CW100900AU | B55: Carpet One | C55: CL2043G-01 | D55: 0 | F55: PHASEOUT | G55: Black | H55: 108-20430701 | I55: #N/A | J55: / | K55: 666 | L55: 66 | M55: 66 | N55: 66
A56: VS1A1000DE | B56: PURE ONE AIR PET + | C56: ZB2225L-01 | D56: DE,CH,NL,LT,RO,DK | E56: OFFLINE | F56: PHASEOUT | G56: WHITE | H56: 107-22251201 | I56: 6974950106416 | J56: / | K56: 5.8 | L56: 742 | M56: 175 | N56: 330
A57: VA020300DE | B57: GO MINI | C57: ZB2228E-01 | D57: DE,ZA,PL,GR,HK | E57: OFFLINE | F57: ACTIVE | G57: White | H57: 107-22280501 | I57: 6974950109158 | J57: / | K57: 5.1 | L57: 482 | M57: 344 | N57: 293 | O57: 小机型不备件
A58: FW251700IN | B58: Floor One Switch S7 | C58: CL2220I-03 | D58: IN | E58: OFFLINE | F58: ACTIVE | G58: Black | H58: 109-22200903 | I58: 6974950108281 | J58: / | K58: 16.5 | L58: 856 | M58: 387 | N58: 414
A59: VA116600AU | B59: A11 TANGO EX | C59: ZB1769M-05 | D59: AU | E59: OFFLINE | F59: PHASEOUT | G59: Moonstone | H59: 107-17691305 | I59: 6974950100094 | J59: / | K59: 0 | L59: 0 | M59: 0 | N59: 0 | O59: 老品不维护
A60: FW151100TH | B60: Floor One S5 Combo | C60: CL2020H-12 | D60: TH | E60: OFFLINE | F60: PHASEOUT | G60: Black | H60: 109-20200812 | I60: 6972200199911 | J60: / | K60: 8.12 | L60: 326 | M60: 292 | N60: 661
A61: VS111400UK | B61: PURE ONE S11 EX | C61: ZB1965-08 | D61: GB | E61: ONLINE | F61: PHASEOUT | G61: Dark Grey | H61: 107-19650008 | I61: 6972200196880 | J61: / | K61: 5.3 | L61: 756 | M61: 157 | N61: 308
A62: VS040300IL | B62: PURE ONE Mini S4 | C62: ZB1980H-04 | D62: 0 | F62: PHASEOUT | G62: White | H62: 107-19800804 | I62: 6972200197672 | J62: / | K62: 666 | L62: 66 | M62: 66 | N62: 66
A63: VS122200IN | B63: PURE ONE S12 PRO EX | C63: ZB1873V-05 | D63: IN | E63: OFFLINE | F63: PHASEOUT | G63: Metallic Grey | H63: 107-18732205 | I63: 6972200197689 | J63: / | K63: 9.4 | L63: 850 | M63: 174 | N63: 411
A64: FW1B0300US | B64: GO H2O-GH208 | C64: CL2315G-03 | D64: CA | E64: OFFLINE | F64: ACTIVE | G64: White/light blue | H64: 109-23150703 | I64: #N/A | J64: 194846101479 | K64: 9.06 | L64: 722 | M64: 326 | N64: 289
A65: EUA112EME | B65: A11 Master | C65: ZB1769-04 | D65: 0 | F65: PHASEOUT | G65: Emerald | H65: 107-17690004 | I65: #N/A | J65: / | K65: 7.3 | L65: 784 | M65: 180 | N65: 326
A66: SW011000AU | B66: iFloor 5 Steam | C66: CL2029M-01 | D66: AU | E66: ONLINE | F66: ACTIVE | G66: Black | H66: 109-20291301 | I66: 6932485002719 | J66: / | K66: 9.15 | L66: 362 | M66: 336 | N66: 676
A67: CW010500AU | B67: iCarpet | C67: CL2043F-01 | D67: AU | E67: OFFLINE | F67: PHASEOUT | G67: black | H67: 108-20430601 | I67: 6974950100360 | J67: / | K67: 12.3 | L67: 678 | M67: 493 | N67: 360 | O67: 老品不维护
A68: UKA102BLU | B68: A10 Hero | C68: ZB1756G-01 | D68: 0 | F68: PHASEOUT | G68: Space Blue | H68: 107-17560701 | I68: #N/A | J68: / | K68: 5.24 | L68: 776 | M68: 154 | N68: 323
A69: VA102000JP | B69: A10-D | C69: ZB1756I-01 | D69: JP | E69: ONLINE | F69: PHASEOUT | G69: Purple | H69: 107-17560901 | I69: 6972200192653 | J69: / | K69: 4.28 | L69: 756 | M69: 154 | N69: 279
A70: CW100500EU | B70: Carpet One | C70: CL2043B-01 | D70: DE,FR,IT,NL,PL,SE,ES,BE,MN | E70: ONLINE,OFFLINE | F70: PHASEOUT | G70: Black | H70: 108-20430201 | I70: 6972200197399 | J70: / | K70: 13.5 | L70: 473 | M70: 346 | N70: 702
A71: FW112700RU | B71: Floor One S6 | C71: CL2223N-01 | D71: RU | E71: OFFLINE | F71: PHASEOUT | G71: Black | H71: 109-22231401 | I71: 6974950104412 | J71: / | K71: 8.85 | L71: 674 | M71: 332 | N71: 310
A72: FW051700US | B72: Floor One S3 Pro | C72: CL1879B-12 | D72: US | E72: OFFLINE | F72: PHASEOUT | G72: Red | H72: 109-18790212 | I72: #N/A | J72: 194846100922 | K72: 8.7 | L72: 331 | M72: 301 | N72: 738
A73: VS161500RU | B73: PURE ONE AIR PET | C73: ZB2201L-01 | D73: RU | E73: OFFLINE | F73: PHASEOUT | G73: WHITE | H73: 107-22011201 | I73: 6974950102173 | J73: / | K73: 5.45 | L73: 463 | M73: 236 | N73: 346
A74: VS154900CA | B74: PURE ONE S15 FLEX (Dummy) | C74: ZB2052A-06 | D74: CA | E74: OFFLINE | F74: PHASEOUT | G74: Blue | H74: 107-20520106 | I74: #N/A | J74: 194846002745 | K74: 5.9 | L74: 766 | M74: 416 | N74: 154
A75: USIFL1GRY | B75: iFloor | C75: CL1762B-01 | D75: 0 | F75: PHASEOUT | G75: Grey | H75: 109-17620201 | I75: #N/A | J75: / | K75: 6.4 | L75: 329 | M75: 299 | N75: 750
A76: FW008000CA | B76: Floor One S2 Plus | C76: CL2011E-05 | D76: CA | E76: OFFLINE | F76: ACTIVE | G76: red | H76: 109-20110505 | I76: #N/A | J76: 194846101608 | K76: 7.8 | L76: 326 | M76: 296 | N76: 672
A77: VS155100RU | B77: PURE ONE S15 PRO | C77: ZB2052Y-01 | D77: RU | E77: OFFLINE | F77: ACTIVE | G77: White&Black | H77: 107-20522501 | I77: 6974950104481 | J77: / | K77: 8.7 | L77: 768 | M77: 153 | N77: 342
A78: VS100100JP | B78: PURE ONE X | C78: ZB1979C-01 | D78: JP | E78: ONLINE | F78: PHASEOUT | G78: White | H78: 107-19790301 | I78: 6972200193100 | J78: / | K78: 5.8 | L78: 791 | M78: 180 | N78: 326
A79: VA101000ID | B79: A10-D | C79: ZB1756I-04 | D79: ID | E79: OFFLINE | F79: PHASEOUT | G79: Purple | H79: 107-17560904 | I79: 6972200194541 | J79: / | K79: 4.28 | L79: 770 | M79: 169 | N79: 297
A80: USA111MOO | B80: A11 Hero | C80: ZB1769B-01 | D80: 0 | F80: PHASEOUT | G80: Moonstone | H80: 107-17690201 | I80: #N/A | J80: / | K80: 7.39 | L80: 822 | M80: 192 | N80: 328
A81: VS120100PH | B81: PURE ONE S12 EX | C81: ZB1873V-02 | D81: PH | E81: ONLINE | F81: PHASEOUT | G81: Matte Black | H81: 107-18732202 | I81: 6972200193735 | J81: / | K81: 7.3 | L81: 790 | M81: 166 | N81: 336
A82: FW010200US | B82: iFloor 2 (Dummy) | C82: CL2041-02 | D82: US,CA | E82: OFFLINE | F82: PHASEOUT | G82: White&Grey | H82: 109-20410002 | I82: #N/A | J82: 194846100335 | K82: 5.8 | L82: 1288 | M82: 383 | N82: 405
A83: FW101700DE | B83: Floor One S5 Pro 2 | C83: CL2019B-05 | D83: FR,DE,IT,NL,PL,SE,BE | E83: ONLINE | F83: PHASEOUT | G83: Black | H83: 109-20190205 | I83: 6972200196125 | J83: / | K83: 8 | L83: 326 | M83: 296 | N83: 672
A84: SC010300DE | B84: Carpet One Spot Essentials | C84: CL2138C-01 | D84: DE,FR,NL,ES,LT,BE,SE,PL,IT | E84: ONLINE,OFFLINE | F84: PHASEOUT | G84: Black | H84: 108-21380301 | I84: 6972200199577 | J84: / | K84: 8.2 | L84: 500 | M84: 305 | N84: 457
A85: VS100100EU | B85: PURE ONE X | C85: ZB1979-03 | D85: IT,FR,TR,ES,DE,NL,PL,SE | E85: OFFLINE,ONLINE | F85: PHASEOUT | G85: White&Black | H85: 107-19790003 | I85: 6972200193834 | J85: / | K85: 5.1 | L85: 756 | M85: 157 | N85: 308
A86: CAA111MOO | B86: A11 Hero | C86: ZB1769B-05 | D86: 0 | F86: PHASEOUT | G86: Moonstone | H86: 107-17690205 | I86: #N/A | J86: / | K86: 7.39 | L86: 826 | M86: 193 | N86: 327
A87: FW150500PH | B87: Floor One S5 Combo | C87: CL2020H-08 | D87: PH | E87: OFFLINE | F87: PHASEOUT | G87: Black | H87: 109-20200808 | I87: 6972200198969 | J87: / | K87: 8.12 | L87: 326 | M87: 292 | N87: 661
A88: VS121100UK | B88: PURE ONE S12 PRO EX | C88: ZB1873U-04 | D88: GB | E88: ONLINE | F88: PHASEOUT | G88: Metallic Grey | H88: 107-18732104 | I88: 6972200192219 | J88: / | K88: 8.5 | L88: 840 | M88: 163 | N88: 394
A89: VS100400VN | B89: PURE ONE X | C89: ZB1979D-02 | D89: VN | E89: OFFLINE | F89: PHASEOUT | G89: White&Black | H89: 107-19790402 | I89: 6972200196958 | J89: / | K89: 5.74 | L89: 764 | M89: 166 | N89: 317
A90: FW102800US | B90: Floor One S5 Extreme Dummy | C90: CL2019E-06 | D90: US,CA | E90: OFFLINE | F90: PHASEOUT | G90: Black | H90: 109-20190506 | I90: #N/A | J90: 194846100786 | K90: 5 | L90: 326 | M90: 296 | N90: 672
A91: FW223000DE | B91: Floor One S7 FlashDry | C91: CL2335G-03 | D91: TR,RU | E91: OFFLINE | F91: ACTIVE | G91: Black | H91: 109-23350703 | I91: 6974950108243 | J91: / | K91: 10.5 | L91: 674 | M91: 332 | N91: 326
A92: CAA112EME | B92: A11 Master | C92: ZB1769B-06 | D92: 0 | F92: PHASEOUT | G92: Emerald | H92: 107-17690206 | I92: #N/A | J92: / | K92: 7.39 | L92: 822 | M92: 192 | N92: 328
A93: FW223400SA | B93: Floor One S7 Flashdry | C93: CL2335P-01 | D93: AE | E93: OFFLINE | F93: PHASEOUT | G93: Black | H93: 109-23351601 | I93: 6974950108564 | J93: / | K93: 10.5 | L93: 674 | M93: 332 | N93: 326
A94: VA112000PH | B94: A11 Hero | C94: ZB1769K-02 | D94: PH | E94: OFFLINE | F94: PHASEOUT | G94: Moonstone | H94: 107-17691102 | I94: 6972200193537 | J94: / | K94: 5.7 | L94: 770 | M94: 169 | N94: 297
A95: FW170400TR | B95: Yoniev U5 | C95: CL2315B-01 | D95: TR | E95: OFFLINE | F95: ACTIVE | G95: WHITE | H95: 109-23150201 | I95: 6974950105525 | J95: / | K95: 8.9 | L95: 722 | M95: 324 | N95: 289
A96: VS1D1100ID | B96: A30S Pet | C96: ZB2342E-03 | D96: ID,VN,TH,PH | E96: OFFLINE | F96: ACTIVE | G96: White | H96: 107-23420503 | I96: 6974950106874 | J96: / | K96: 5.25 | L96: 676 | M96: 165 | N96: 293
A97: VA114300US | B97: A11 Pet Ex | C97: ZB1769W-02 | D97: US,CA,CN | E97: ONLINE | F97: PHASEOUT | G97: Moonstone | H97: 107-17692302 | I97: #N/A | J97: 194846001533,194846002387 | K97: 5.7 | L97: 454 | M97: 229 | N97: 327
A98: USS122BLK | B98: PURE ONE S12 | C98: ZB1873B-01 | D98: 0 | F98: PHASEOUT | G98: Black | H98: 107-18730201 | I98: #N/A | J98: 194846000512 | K98: 7.2 | L98: 775 | M98: 163 | N98: 394
A99: VS150600DE | B99: PURE ONE S15 PET | C99: ZB2052B-01 | D99: FR,DE,IT,NL,PL,SE,ES,BE | E99: ONLINE | F99: ACTIVE | G99: White&Black | H99: 107-20520201 | I99: 6972200199041 | J99: / | K99: 8.7 | L99: 768 | M99: 153 | N99: 342
A100: FW100600UK | B100: Floor One S5 Pro 2 | C100: CL2019B-02 | D100: GB | E100: ONLINE | F100: PHASEOUT | G100: Black | H100: 109-20190202 | I100: 6972200196088 | J100: / | K100: 8 | L100: 326 | M100: 296 | N100: 672
...

Sheet 散件（更新）
A1: 英文描述 | B1: 新SKU | C1: 新SAPID | D1: 老SAP ID | E1: 散备件图片 | F1: 备注 | G1: 中文描述 | H1: DES | I1: EAN | J1: UPC | K1: 注意：剔除特殊件和不再使用的件。LIST页删除N/A件 来源：GOMS产品档案&data sheet。EAN&UPC来源：datasheet&产品规划部维护记录表
A2: Brush Roller Cover | B2: 9FWBC050000 | C2: 114-18790225 | E2: 0 | F2: 新品遗漏 | G2: 滚刷盖组件（灰色） | H2: Brush Roller Cover | I2: 6932485001316 | J2: 194846420303 | K2: 10.28更新
A3: Clean Water Tank | B3: 9FWWC050200 | C3: 114-18790226 | E3: 0 | F3: 新品遗漏 | G3: 溶液桶组件（灰色） | H3: Clean Water Tank | I3: 6932485001323 | J3: 194846420310 | K3: 10.28更新
A4: Dirt Water Tank | B4: 9FWWD050100 | C4: 114-18790227 | E4: 0 | F4: 新品遗漏 | G4: 回收桶组件（灰色） | H4: Dirt Water Tank | I4: 6932485001330 | J4: 194846420327 | K4: 10.28更新
A5: Deodorizer | B5: 9FWDE6300MY | C5: 114-25620006 | G5: SP;CL2562-01;Anti-odor stick抗菌祛味棒 | H5: Deodorizer | I5: 6932485017126 | J5: 194846430579 | K5: 25.11.17更新
A6: Brush Roller Cover | B6: 9FWBC1A01AU | C6: 114-22210901 | E6: 0 | F6: 澳洲 -添可U5s智能洗地机 | G6: 滚刷盖组件 | H6: Brush Roller Cover | I6: 6932485000401 | J6: 194846419888 | K6: 820更新
A7: Wire | B7: 9FWRI110000 | C7: 114-22230801 | E7: https://tineco-yxzt.oss-accelerate.aliyuncs.com/20240826/08261_1724634140437.jpg | F7: 冯净茹 新马销售需求 24/7/22（QQ） | G7: 主板至地刷板连接导线 | H7: Wire | I7: 6932485000548 | J7: 194846419925 | K7: 10.28更新
A8: Wire | B8: 9FWRI1D0100 | C8: 114-23780121 | E8: https://tineco-yxzt.oss-accelerate.aliyuncs.com/20240903/18_1725332345132.jpg | F8: 新品 CL2378 | G8: 机身负载线束组件 | H8: Wire | I8: 6932485000791 | J8: 194846420167 | K8: 10.28更新
A9: spot kit | B9: CW040100VN | C9: 108-23610101 | E9: 0 | G9: AA2361A-01;二合一地毯清洗机与7节电芯动力源适配 国际版;CW040100VN | H9: spot kit | I9: 6932485008902 | J9: 194846425636
A10: Accessory Holder | B10: 9FWHA370000 | C10: 114-25430703 | E10: https://tineco-yxzt.oss-accelerate.aliyuncs.com/20250826/weixinjietu_20250826111807_1756178462778.png | G10: SP;CL2543G-01;直立收纳座胶袋组件 | H10: Accessory Holder | I10: 6975159901673 | J10: 194846428019 | K10: 25.11.17更新
A11: Main Body | B11: 9FWMB370000 | C11: 114-25430500 | E11: https://tineco-yxzt.oss-accelerate.aliyuncs.com/20251011/image20250902-102354_1760159168660.png | G11: SP;CL2543E-01;动力源组件 | H11: Main Body | I11: 6932485014255 | J11: 194846429832 | K11: 25.11.17更新
A12: Mini Power Brush | B12: 9FWBM3400SA | C12: 114-25430410 | E12: https://tineco-yxzt.oss-accelerate.aliyuncs.com/20250915/image20250902-102524_1757905246605.png | G12: SP;CL2543D-02;软绒电动刷组件(沙特) | H12: Mini Power Brush | I12: 6932485012466 | J12: 194846428323 | K12: 25.11.17更新
A13: Sensor | B13: 9FWRS3400SA | C13: 114-25430407 | E13: https://tineco-yxzt.oss-accelerate.aliyuncs.com/20250915/image20250902-102423_1757904867157.png | G13: SP;CL2543D-02;回收桶信号检测组件(沙特) | H13: Sensor | I13: 6932485012435 | J13: 194846428293 | K13: 25.11.17更新
A14: Main Body | B14: 9FWMB3403SA | C14: 114-25430404 | E14: https://tineco-yxzt.oss-accelerate.aliyuncs.com/20250915/image20250902-102354_1757901530986.png | G14: SP;CL2543D-02;动力源组件(沙特) | H14: Main Body | I14: 6932485012404 | J14: 194846428262 | K14: 25.11.17更新
A15: PCBA | B15: 9FWRP340100 | C15: 114-25430101 | E15: https://tineco-yxzt.oss-accelerate.aliyuncs.com/20250826/weixinjietu_20250826110612_1756177942585.png | G15: SP;CL2543A-01;CL2543低配主控板组件 | H15: PCBA | I15: 6975159901628 | J15: 194846427968 | K15: 25.11.17更新
A16: Wire | B16: 9FWRI340000 | C16: 114-25430005 | E16: https://tineco-yxzt.oss-accelerate.aliyuncs.com/20250826/weixinjietu_20250826110934_1756177787283.png | G16: SP;CL2543-01;烘干托盘充电导线组件 | H16: Wire | I16: 6975159901604 | J16: 194846427944 | K16: 25.11.17更新
A17: Main Body | B17: 9FWMB340000 | C17: 114-25430000 | E17: https://tineco-yxzt.oss-accelerate.aliyuncs.com/20250826/weixinjietu_20250815090434_1756177320660.png | G17: SP;CL2543-01;动力源组件 | H17: Main Body | I17: 6975159901550 | J17: 194846427890 | K17: 25.11.17更新
A18: PCBA | B18: 9FWRP540200 | C18: 114-25390004 | E18: https://tineco-yxzt.oss-accelerate.aliyuncs.com/20251014/weixinjietu_20251014102838_1760409409713.png | G18: SP;CL2539-01;机身主控板组件 | H18: PCBA | I18: 6932485014132 | J18: 194846429733 | K18: 25.11.17更新
A19: Display Screen | B19: 9FWRD4B00DE | C19: 114-25350400 | G19: SP;CL2535D-01;显示屏组件 | H19: Display Screen | I19: 6932485016129 | J19: 194846430241 | K19: 25.11.17更新
A20: Dirt Water Tank | B20: 9FWWD4A0000 | C20: 114-25350337 | G20: SP;CL2535C-02;回收桶组件 | H20: Dirt Water Tank | I20: 6932485014415 | J20: 194846430005 | K20: 25.11.17更新
A21: plastic part | B21: 9FWRH4A1300 | C21: 114-25350334 | G21: SP;CL2535C-02;机体下装饰盖 | H21: plastic part | I21: 6932485014385 | J21: 194846429979 | K21: 25.11.17更新
A22: Main Body Front Cover | B22: 9FWRH4A1200 | C22: 114-25350333 | G22: SP;CL2535C-02;机体前盖 | H22: Main Body Front Cover | I22: 6932485014378 | J22: 194846429962 | K22: 25.11.17更新
A23: Brush Cover | B23: 9VSBC111100 | C23: 114-16760003 | D23: 206-1676-0003 | E23: https://tineco-yxzt.oss-accelerate.aliyuncs.com/20231219/9VSBC111100_1702948060830.png | G23: FB1676 滚刷释放盖板 | H23: Brush Cover | I23: 6972200195685 | J23: 194846412346
A24: Connector Assembly＋Buckle | B24: 9FWRH4A1000 | C24: 114-25350331 | G24: SP;CL2535C-02;转接头组件+锁扣 | H24: Connector Assembly＋Buckle | I24: 6932485014354 | J24: 194846429948 | K24: 25.11.17更新
A25: Rubber Plug (Rear Body Cover) | B25: 9FWRH4A0900 | C25: 114-25350330 | G25: SP;CL2535C-02;机体后盖软胶塞（左右） | H25: Rubber Plug (Rear Body Cover) | I25: 6932485014347 | J25: 194846429931 | K25: 25.11.17更新
A26: Tube assembly | B26: 9VAUT101300 | C26: 114-17520448 | D26: 206-1752-0448 | E26: 0 | G26: 加长管，长278mm | H26: Tube assembly | I26: 6972200193216 | J26: 194846411455
A27: Main Body Lower Cover | B27: 9FWRH4A0800 | C27: 114-25350328 | E27: https://tineco-yxzt.oss-accelerate.aliyuncs.com/20250912/5A56108782FD76FD54B8C624B15CD97B_1757662430725.png | G27: SP;CL2535C-01;机体下装饰盖 | H27: Main Body Lower Cover | I27: 6932485013807 | J27: 194846429481 | K27: 25.11.17更新
A28: Main Body Front Cover | B28: 9FWRH4A0700 | C28: 114-25350326 | E28: https://tineco-yxzt.oss-accelerate.aliyuncs.com/20250912/dd0e0d69-a2fc-442c-a178-69fd554a94fe_1757662156852.png | G28: SP;CL2535C-01;机体前盖 | H28: Main Body Front Cover | I28: 6932485013784 | J28: 194846429467 | K28: 25.11.17更新
A29: Brush Roller Motor Gearbox Assembly | B29: 9FWRM4A0200 | C29: 114-25350309 | E29: https://tineco-yxzt.oss-accelerate.aliyuncs.com/20250912/6BD59C2EF8349F8E39A4CD457F981BC9_1757660271149.png | G29: SP;CL2535C-01;滚刷电机齿轮箱组件（带铭牌） | H29: Brush Roller Motor Gearbox Assembly | I29: 6932485013616 | J29: 194846429290 | K29: 25.11.17更新
A30: Diaphragm Pump Assembly | B30: 9FWRU4A0100 | C30: 114-25350308 | E30: https://tineco-yxzt.oss-accelerate.aliyuncs.com/20250912/C9FF39DAD052ED5FD3224741BF13F17C_1757660181104.png | G30: SP;CL2535C-01;隔膜泵组件 | H30: Diaphragm Pump Assembly | I30: 6932485013609 | J30: 194846429283 | K30: 25.11.17更新
A31: Micro Switch ＋Wire | B31: 9FWRK4A0000 | C31: 114-25350302 | E31: https://tineco-yxzt.oss-accelerate.aliyuncs.com/20250912/0180e578-009f-4e2b-b7eb-c52b6b19abaa_1757659464697.png | G31: SP;CL2535C-01;微动开关+导线 | H31: Micro Switch ＋Wire | I31: 6932485013548 | J31: 194846429221 | K31: 25.11.17更新
A32: Main Body Rear Upper Cover | B32: 9FWRH480300 | C32: 114-25350106 | E32: https://tineco-yxzt.oss-accelerate.aliyuncs.com/20250912/weixinjietu_20250908105444_1757644339744.png | G32: SP;CL2535A-01;机体后上盖 | H32: Main Body Rear Upper Cover | I32: 6932485013500 | J32: 194846429184 | K32: 25.11.17更新
A33: Main Body Rear Cover | B33: 9FWRH480200 | C33: 114-25350105 | E33: https://tineco-yxzt.oss-accelerate.aliyuncs.com/20250912/weixinjietu_20250908105329_1757644255715.png | G33: SP;CL2535A-01;机体后盖 | H33: Main Body Rear Cover | I33: 6932485013494 | J33: 194846429177 | K33: 25.11.17更新
A34: LED Display Connection Wire | B34: 9FWRI480000 | C34: 114-25350100 | E34: https://tineco-yxzt.oss-accelerate.aliyuncs.com/20250912/weixinjietu_20250903191802_1757643589846.png | G34: SP;CL2535A-01;CL2535A LED显示屏连接导线 | H34: LED Display Connection Wire | I34: 6932485013449 | J34: 194846429122 | K34: 25.11.17更新
A35: Charging Base | B35: 9SWPB130400 | C35: 114-25331301 | G35: SP;CL2533M-01;烘干托盘组件 | H35: Charging Base | I35: 6932485012794 | J35: 194846428651 | K35: 25.11.17更新
A36: Carpet Brush | B36: 9VABP210100 | C36: 114-25120101 | E36: https://tineco-yxzt.oss-accelerate.aliyuncs.com/20250912/114-25120101_1757644558707.png | G36: SP;ZB2512A-01;地刷组件-中配 | H36: Carpet Brush | I36: 6932485013296 | J36: 194846429108 | K36: 25.11.17更新
A37: Motor | B37: 9SWRM150100 | C37: 114-25010103 | E37: https://tineco-yxzt.oss-accelerate.aliyuncs.com/20250901/zhudianjilu:boxiaobanzujian(meiban)_1756705984448.jpg | G37: SP;CL2501A-01;主电机滤波小板组件(欧版) | H37: Motor | I37: 6932485012039 | J37: 194846427869 | K37: 25.11.17更新
A38: plastic part | B38: 9FWRH500200 | C38: 114-24820211 | E38: https://tineco-yxzt.oss-accelerate.aliyuncs.com/20251020/lu:jishen_1760953322835.jpg | G38: SP;CL2482B-01;铝机身 | H38: plastic part | I38: 6932485013074 | J38: 194846428880 | K38: 25.11.17更新
A39: Brush Roller Cover | B39: 9FWBC450100 | C39: 114-24670806 | G39: SP;CL2467H-01;滚刷盖组件 | H39: Brush Roller Cover | I39: 6932485012763 | J39: 194846428620 | K39: 25.11.17更新
A40: Repair Wheel | B40: 9FWRW450000 | C40: 114-24670805 | G40: SP;CL2467H-01;大轮包胶组件（带护套） | H40: Repair Wheel | I40: 6932485012756 | J40: 194846428613 | K40: 25.11.17更新
A41: Pet Grooming and Shedding Kit | B41: 9VAKP101100 | C41: 114-17560095 | D41: 206-1756-0095 | E41: 0 | F41: 1 | G41: 宠物刷（彩盒装） | H41: Pet Grooming and Shedding Kit | I41: 6972200193452 | J41: 194846411592
A42: 2*Filter & 1* HEPA | B42: 9VAAH101200 | C42: 114-17560096 | D42: 206-1756-0096 | E42: 0 | F42: US/CA | G42: 2*滤芯&1*海帕（彩盒装） | H42: 2*Filter & 1* HEPA | I42: 6972200193414 | J42: 194846411547
A43: Repair Wheel | B43: 9VSRW100200 | C43: 114-17560099 | D43: 206-1756-0099 | E43: https://tineco-yxzt.oss-accelerate.aliyuncs.com/20231219/9VSRW100200_1702948075442.png | F43: BOM为水机小轮轴，水机小轮轴短，吸尘器小轮轴长 | G43: 地刷小轮+小轮轴组件 | H43: Repair Wheel | I43: 6972200194046 | J43: 194846411738
A44: Handle | B44: 9FWUH450100 | C44: 114-24670803 | G44: SP;CL2467H-01;手柄组件 | H44: Handle | I44: 6932485012732 | J44: 194846428590 | K44: 25.11.17更新
A45: Accessory Kit_ 2*brush roller+2* dry filter | B45: 9FWKA4503EU | C45: 114-24670801 | G45: SP;CL2467H-01;CL2467H附件套装（可拆卸滚刷+过滤器） | H45: Accessory Kit_ 2*brush roller+2* dry filter | I45: 6932485012350 | J45: 194846428224 | K45: 25.11.17更新
A46: Accessory Kit_ 2*brush roller+2* dry filter | B46: 9FWKA4505US | C46: 114-24670701 | G46: SP;CL2467G-01;CL2467G附件套装（不可拆卸滚刷+过滤器） | H46: Accessory Kit_ 2*brush roller+2* dry filter | I46: 6932485012367 | J46: 194846428231 | K46: 25.11.17更新
A47: PCBA | B47: 9FWRP450300 | C47: 114-24670424 | G47: SP;CL2467D-01;地刷主板组件 | H47: PCBA | I47: 6932485012718 | J47: 194846428576 | K47: 25.11.17更新
A48: Brush Roller Cover | B48: 9FWBC450000 | C48: 114-24670423 | G48: SP;CL2467D-01;滚刷上盖组件 | H48: Brush Roller Cover | I48: 6932485012701 | J48: 194846428569 | K48: 25.11.17更新
A49: plastic part | B49: 9FWRH450200 | C49: 114-24670415 | G49: SP;CL2467D-01;污水满检测导线组件 | H49: plastic part | I49: 6932485012626 | J49: 194846428484 | K49: 25.11.17更新
A50: Carpet brush | B50: 9VABP1011DE | C50: 114-17560201 | D50: 206-1756-0201 | E50: https://tineco-yxzt.oss-accelerate.aliyuncs.com/product/114-17560201.jpg | F50: SP_USA10CBR01 | G50: FB1676 地刷组件-地毯刷（人字形），用206-1756-0242代替 | H50: Carpet brush | I50: 6972200191076 | J50: #N/A
A51: FILTER | B51: 9VAFI101100 | C51: 114-17560204 | D51: 206-1756-0204 | E51: https://tineco-yxzt.oss-accelerate.aliyuncs.com/product/114-17560204.jpg | F51: SP_USA10FIL00 | G51: ZB1756 进风滤棉组件 | H51: FILTER | I51: 6972200191182 | J51: 194846410014
A52: Carpet brush roller | B52: 9VABR103000 | C52: 114-17560205 | E52: https://tineco-yxzt.oss-accelerate.aliyuncs.com/20231219/9VABR103000_1702948054526.png | G52: 散备件 ZB1756B-01 FB1676 滚刷组件（人字形地毯刷） _ | H52: Carpet brush roller | I52: #N/A | J52: 194846413084
A53: ADAPTER | B53: 9VAPA1011US | C53: 114-17560206 | E53: https://tineco-yxzt.oss-accelerate.aliyuncs.com/product/114-17560206.jpg | G53: 散（备）件 ZB1756B-01 ZB1756 UL认证适配器 | H53: ADAPTER | I53: #N/A | J53: 194846410175
A54: Crevice & 2-In-1 Dusting Brush | B54: 9VAAB101100 | C54: 114-17560207 | D54: 206-1756-0207 | E54: https://tineco-yxzt.oss-accelerate.aliyuncs.com/20231219/9VAAB101100_1702948048662.png | F54: SP_USA10DBR00，组合套装代替 | G54: 扁吸+组合刷 | H54: Crevice & 2-In-1 Dusting Brush | I54: 6972200191144 | J54: 194846410267
A55: Carpet brush | B55: 9VABP1012US | C55: 114-17560208 | E55: 0 | G55: 散（备）件 ZB1756B-02 FB1676 地刷组件-地毯刷（人字形） | H55: Carpet brush | I55: #N/A | J55: 194846413077
A56: DUAL ADAPTOR | B56: 9VAPA1012US | C56: 114-17560210 | E56: 0 | G56: 散（备）件 ZB1756B-02 ZB1756B UL认证双充适配器 | H56: DUAL ADAPTOR | I56: #N/A | J56: 194846411462
A57: HARD FLOOR BRUSH ROLLER | B57: 9VABR102900 | C57: 114-17560211 | E57: 0 | G57: 散备件 ZB1756B-02 FB1678 滚刷组件-地板绒毛刷 _ | H57: HARD FLOOR BRUSH ROLLER | I57: #N/A | J57: 194846413060
A58: Accessory Kit | B58: 9VAKA101100 | C58: 114-17560212 | D58: 206-1756-0212 | E58: https://tineco-yxzt.oss-accelerate.aliyuncs.com/product/114-17560212.jpg | F58: SP_USA10BRK00 | G58: 家电刷组件364-1669-1714，多角度折弯清洁管（折弯刷组件）364-1669-1803，伸缩软管组件364-1669-1904，车用长扁吸415-0500-1092。用206-1873-0010代替 | H58: Accessory Kit | I58: 6972200194275 | J58: 194846411769
A59: 2*Filter&1*HEPA | B59: 9VAAH101100 | C59: 114-17560218 | D59: 206-1756-0218 | E59: https://tineco-yxzt.oss-accelerate.aliyuncs.com/product/114-17560218.jpg | F59: SP_USA10FHA00→SP_A10FHA00 | G59: 364-1756-0401【ZB1756 进风过滤棉包胶组件 环保3类 】*2 364-1756-1301【ZB1756 出风HEPA组件 环保3类】*1不带金属滤网 | H59: 2*Filter&1*HEPA | I59: 6972200191120 | J59: 194846410236
A60: Battery | B60: 9FWPT3601SG | C60: 114-24570205 | E60: https://tineco-yxzt.oss-accelerate.aliyuncs.com/20250117/battery2_1737082498972.png | F60: 维护 亚洲配置 | G60: 电池包组件（有风扇） | H60: Battery | I60: 6932485004690 | J60: #N/A
A61: TUBE ASSEMBLY | B61: 9VAUT1011DE | C61: 114-17560220 | D61: 206-1756-0220 | E61: https://tineco-yxzt.oss-accelerate.aliyuncs.com/product/114-17560220.jpg | F61: SP_USA10TUA01 | G61: 加长管组件ID: 415-0500-1254,用206-1756-0244 | H61: TUBE ASSEMBLY | I61: 6972200191571 | J61: 194846413053
A62: Mini power brush | B62: 9VABM101100 | C62: 114-17560224 | D62: 206-1756-0224 | E62: https://tineco-yxzt.oss-accelerate.aliyuncs.com/product/114-17560224.png | F62: SP_USA10MPB00 | G62: FB1679C 小电动地刷组件带PTC（小电动+铭牌） ，206-1873-0155代替 | H62: Mini power brush | I62: 6972200191090 | J62: 194846410212
A63: Docking station | B63: 9VAPS101100 | C63: 114-17560225 | E63: 0 | G63: 散（备）件 ZB1756B-01 ZB1756B 充电座组件 | H63: Docking station | I63: #N/A | J63: 194846415842
A64: Adapter | B64: 9FWPA0700UK | C64: 114-24530200 | E64: https://tineco-yxzt.oss-accelerate.aliyuncs.com/20250213/ada_1739408930706.jpg | F64: #N/A | G64: SP;CL2453B-01;适配器（英标） | H64: Adapter | I64: 6932485005390 | J64: #N/A
A65: Flexible Long Crevice Tool | B65: 9VSTL230000 | C65: 114-24510806 | E65: https://tineco-yxzt.oss-accelerate.aliyuncs.com/20250915/weixinjietu_20250915093956_1757900417055.png | G65: SP;ZB2451H-02;伸缩扁吸组件 | H65: Flexible Long Crevice Tool | I65: 6932485012923 | J65: 194846428767 | K65: 25.11.17更新
A66: Carpet Brush | B66: 9VSBP230300 | C66: 114-24510805 | E66: https://tineco-yxzt.oss-accelerate.aliyuncs.com/20250915/weixinjietu_20250901114226_1757900305541.png | G66: SP;ZB2451H-02;地刷组件 | H66: Carpet Brush | I66: 6932485012916 | J66: 194846428750 | K66: 25.11.17更新
A67: Main body | B67: SP_USA10MAB02 | C67: 114-17560233 | E67: 0 | G67: 散（备）件 ZB1756B-02 主体组件 | H67: Main body | I67: #N/A | J67: 194846410144
A68: 1*Pre-filter cleaning tool & 2* filters | B68: 9VAAF101100 | C68: 114-17560235 | D68: 206-1756-0235 | E68: https://tineco-yxzt.oss-accelerate.aliyuncs.com/product/114-17560235.jpg | F68: SP_USA10PF200 | G68: ZB1769B 滤芯清洁刷+进风过滤棉组件*2 | H68: 1*Pre-filter cleaning tool & 2* filters | I68: 6972200191601 | J68: 194846410281
A69: Dustbin Assembly | B69: 9VAAD101100 | C69: 114-17560236 | D69: 206-1756-0236 | E69: https://tineco-yxzt.oss-accelerate.aliyuncs.com/product/114-17560236.jpg | F69: SP_USA10DFT00 | G69: 新开模尘桶组件ID: 364-1756-3601 + 网孔过滤器包胶组件（散件8433灰）ID:365-1756-3403(带清洗标贴,散件专用) | H69: Dustbin Assembly | I69: 6972200191113 | J69: 194846410229
A70: Battery | B70: 9VSPT230500 | C70: 114-24510802 | E70: https://tineco-yxzt.oss-accelerate.aliyuncs.com/20250915/weixinjietu_20250901113728_1757900085401.png | G70: SP;ZB2451H-02;电池包组件 | H70: Battery | I70: 6932485012886 | J70: 194846428729 | K70: 25.11.17更新
A71: Dustbin | B71: 9VSDB231000 | C71: 114-24510801 | E71: https://tineco-yxzt.oss-accelerate.aliyuncs.com/20250915/weixinjietu_20250901113653_1757899811721.png | G71: SP;ZB2451H-02;尘桶组件(无多锥及滤棉) | H71: Dustbin | I71: 6932485012879 | J71: 194846428712 | K71: 25.11.17更新
A72: Battery（2000mAh） | B72: 9VAPT1011US | C72: 114-17560239 | D72: 206-1756-0239 | E72: https://tineco-yxzt.oss-accelerate.aliyuncs.com/product/114-17560239.jpg | F72: SP_USA10BAT20N | G72: ZB1756 电池包组件 （2000mAh）电池铭牌借用ZB1756D-07 | H72: Battery（2000mAh） | I72: 6972200193049 | J72: 194846410168
A73: Main body | B73: 9VAMB1011US | C73: 114-17560241 | E73: https://tineco-yxzt.oss-accelerate.aliyuncs.com/product/114-17560241.jpg | G73: 散（备）件 ZB1756B-09 主体组件（不带尘桶电池和出风HEPA） | H73: Main body | I73: #N/A | J73: 194846410120
A74: Carpet brush | B74: 9VABP1011US | C74: 114-17560242 | D74: 206-1756-0242 | E74: https://tineco-yxzt.oss-accelerate.aliyuncs.com/product/114-17560242.jpg | F74: SP_USA10CBR09 | G74: FB1676地刷组件 | H74: Carpet brush | I74: 6972200195159 | J74: 194846410199
A75: Hard floor brush | B75: 9VABH101100 | C75: 114-17560243 | D75: 206-1756-0243 | E75: https://tineco-yxzt.oss-accelerate.aliyuncs.com/product/114-17560243.jpg | F75: SP_USA10HFB09 | G75: FB1753F地刷组件 | H75: Hard floor brush | I75: 6972200191083 | J75: 194846410205
A76: Tube Assembly | B76: 9VAUT101100 | C76: 114-17560244 | D76: 206-1756-0244 | E76: https://tineco-yxzt.oss-accelerate.aliyuncs.com/20231227/9VAUT101100_1703640268527.png | F76: SP_USA10TUB09 | G76: 加长管组件（加内壁管）管子灰色，按钮灰色 | H76: Tube Assembly | I76: 6972200191045 | J76: 194846410151
A77: FB1753 Hard Floor Brush | B77: 9VABH101300 | C77: 114-17560245 | D77: 206-1756-0245 | E77: https://tineco-yxzt.oss-accelerate.aliyuncs.com/product/114-17560245.jpg | F77: NA | G77: FB1753地板刷(带PTC，A0DASH专用) | H77: FB1753 Hard Floor Brush | I77: 6972200194015 | J77: 194846411578
A78: Carpet Brush | B78: 9VABP180000 | C78: 114-24460104 | E78: https://tineco-yxzt.oss-accelerate.aliyuncs.com/20251011/weixintupian_20250925133837_1760164284168.jpg | G78: SP;ZB2446A-01;地刷组件-低配 | H78: Carpet Brush | I78: 6932485014231 | J78: 194846429818 | K78: 25.11.17更新
A79: Charging Base | B79: 9FWPB3502UK | C79: 114-24260602 | E79: https://tineco-yxzt.oss-accelerate.aliyuncs.com/20250123/09-chargingbase_1737627094043.png | F79: 0 | G79: 烘干托盘组件（英插） | H79: Charging Base | I79: 6932485004447 | J79: #N/A
A80: Carpet Brush | B80: 9FWBP3501SA | C80: 114-24260525 | E80: https://tineco-yxzt.oss-accelerate.aliyuncs.com/20250630/carpetbrush_1751261027155.png | G80: SP;CL2426E-03;FB2116A地刷组件（沙特） | H80: Carpet Brush | I80: 6932485008612 | J80: #N/A
A81: Charging Base | B81: 9FWPB3504SA | C81: 114-24260524 | E81: https://tineco-yxzt.oss-accelerate.aliyuncs.com/20250630/base_1751260921978.png | G81: SP;CL2426E-03;烘干托盘组件（沙特） | H81: Charging Base | I81: 6932485008605 | J81: #N/A
A82: PCBA | B82: 9FWRP3506SA | C82: 114-24260523 | E82: 0 | G82: SP;CL2426E-03;7节托盘电源板组件 （沙特） | H82: PCBA | I82: 6932485008599 | J82: #N/A
A83: Display Screen | B83: 9FWRD3501SA | C83: 114-24260522 | E83: 0 | G83: SP;CL2426E-03;显示屏组件（沙特） | H83: Display Screen | I83: 6932485008582 | J83: #N/A
A84: PCBA | B84: 9FWRP3505SA | C84: 114-24260521 | E84: 0 | G84: SP;CL2426E-03;机身主控板组件（沙特） | H84: PCBA | I84: 6932485008575 | J84: #N/A
A85: Motor | B85: 9FWRM3501SA | C85: 114-24260520 | E85: 0 | G85: SP;CL2426E-03;主电机（沙特） | H85: Motor | I85: 6932485008568 | J85: #N/A
A86: Battery | B86: 9FWPT3501SA | C86: 114-24260519 | E86: 0 | G86: SP;CL2426E-03;电池包组件（沙特） | H86: Battery | I86: 6932485008551 | J86: #N/A
A87: Main Body | B87: 9FWMB3504SA | C87: 114-24260518 | E87: https://tineco-yxzt.oss-accelerate.aliyuncs.com/20250630/mainbodyvacuum_1751260504309.png | G87: SP;CL2426E-03;手持吸尘组件（沙特） | H87: Main Body | I87: 6932485008544 | J87: #N/A
A88: Main Body | B88: 9FWMB3503SA | C88: 114-24260517 | E88: https://tineco-yxzt.oss-accelerate.aliyuncs.com/20250630/mainbody_1751260379423.png | G88: SP;CL2426E-03;动力源组件（沙特） | H88: Main Body | I88: 6932485008537 | J88: #N/A
A89: Handle | B89: 9FWUH3501SA | C89: 114-24260516 | E89: https://tineco-yxzt.oss-accelerate.aliyuncs.com/20250630/00-handle_1751260304452.png | G89: SP;CL2426E-03;手柄组件（沙特） | H89: Handle | I89: 6932485008520 | J89: #N/A
A90: Charging Base | B90: 9FWPB3500EU | C90: 114-24260509 | E90: https://tineco-yxzt.oss-accelerate.aliyuncs.com/20250123/09-chargingbase_1737626161598.png | F90: 0 | G90: 烘干托盘组件（欧插） | H90: Charging Base | I90: 6932485004362 | J90: #N/A
A91: Charging Base | B91: 9FWPB3503IL | C91: 114-24260401 | E91: https://tineco-yxzt.oss-accelerate.aliyuncs.com/20250514/09-chargingbase_1747193957448.png | G91: SP;CL2426D-01;烘干托盘组件（以色列） | H91: Charging Base | I91: 6932485008087 | J91: #N/A
A92: plastic part | B92: 9SCRH0503SA | C92: 114-24150406 | E92: https://tineco-yxzt.oss-accelerate.aliyuncs.com/20241101/114-24150004_1730452195262.png | G92: 平面刷前盖组件（沙特） | H92: plastic part | I92: 6932485001552 | J92: #N/A | K92: 10.28更新
A93: Pump | B93: 9SCRU0503SA | C93: 114-24150405 | E93: 0 | G93: 电磁泵（沙特） | H93: Pump | I93: 6932485001545 | J93: #N/A | K93: 10.28更新
A94: Switch | B94: 9SCRK0501SA | C94: 114-24150404 | E94: 0 | G94: 电源开关组件（沙特） | H94: Switch | I94: 6932485001538 | J94: #N/A | K94: 10.28更新
A95: Flexible Extension Hose | B95: 9SCUE0503SA | C95: 114-24150403 | E95: https://tineco-yxzt.oss-accelerate.aliyuncs.com/20241101/114-24150105_1730451703749.png | G95: 手柄组件（沙特） | H95: Flexible Extension Hose | I95: 6932485001521 | J95: #N/A | K95: 10.28更新
A96: plastic part | B96: 9SCRH0502SA | C96: 114-24150402 | E96: https://tineco-yxzt.oss-accelerate.aliyuncs.com/20241101/114-24150002_1730451434420.png | G96: 回收桶上盖组件（沙特） | H96: plastic part | I96: 6932485001514 | J96: #N/A | K96: 10.28更新
A97: Dirt Water Tank | B97: 9SCWD0501SA | C97: 114-24150401 | E97: 0 | G97: 回收桶组件（沙特） | H97: Dirt Water Tank | I97: 6932485001507 | J97: #N/A | K97: 10.28更新
A98: Wire | B98: 9SCRI0504SA | C98: 114-24150400 | E98: 0 | G98: 电源线（沙特） | H98: Wire | I98: 6932485001491 | J98: #N/A | K98: 10.28更新
A99: Wire | B99: 9SCRI0506AU | C99: 114-24150300 | E99: 0 | F99: OA提交 | G99: 澳版交流电源线 | H99: Wire | I99: 6932485002184 | J99: #N/A
A100: Motor | B100: 9SCRM0502EU | C100: 114-24150102 | E100: 0 | G100: 主电机（欧版） | H100: Motor | I100: 6932485000142 | J100: #N/A | K100: 10.28更新
...

Sheet 散件迭代（不定期更新）
A1: 迭代号 | B1: 迭代关系 | C1: 全新SKU | D1: 全新SKU名称 | E1: 翻新SKU | F1: SAP ID | G1: 英文描述 | H1: 中文描述 | I1: 备注 | J1: 来源：北斗（旧）GOMS散件迭代，ICSS迭代（新）
A2: A67 | B2: 2 | C2: 9FWPD4002CL | D2: Charging Dock | E2: 1FWPD4002CL | F2: 114-23280302 | G2: CL2328C-01Charging Dock9FWPD4002CL | H2: SP;CL2328C-01;烘干托盘组件（智利专用） | I2: 未备货，与114-23280300通用。 | J2: =A2 -> A67
A3: A67 | B3: 1 | C3: 9FWPB4001EU | D3: Charging Base | E3: 1FWPB4001EU | F3: 114-23280300 | G3: CL2328C-01Charging Base9FWPB4001EU | H3: SP;CL2328C-01;烘干托盘组件欧版 | I3: 114-23280302(未备件)通用114-23280300 | J3: =A3 -> A67
A4: A66 | B4: 1 | C4: 9FWWC400000 | D4: Clean Water Tank | E4: 1FWWC400000 | F4: 114-23280203 | G4: CL2328B-01Clean Water Tank9FWWC400000 | H4: SP;CL2328B-01;清水箱组件 | J4: =A4 -> A66
A5: A66 | B5: 2 | C5: 9FWWC420000 | D5: Clean Water Tank | E5: 1FWWC420000 | F5: 114-24580101 | G5: CL2458A-02Clean Water Tank9FWWC420000 | H5: SP;CL2458A-02;清水箱组件 | J5: =A5 -> A66
A6: A65 | B6: 2 | C6: 9FWMB150400 | D6: Main Body | E6: 1FWMB150400 | F6: 114-20200627 | G6: Main Body | H6: 动力源组件接插式（蓝色） | I6: 黑色缺货可用同结构蓝色
A7: A65 | B7: 1 | C7: 9FWMB150300 | D7: Main Body | E7: 1FWMB150300 | F7: 114-20200112 | G7: Main Body | H7: 动力源组件接插式
A8: A64 | B8: 2 | C8: 9FWFA400100 | D8: HEPA Assy | E8: 1FWFA400100 | F8: 114-23280222 | G8: HEPA Assy | H8: 回收桶过滤器组件 | J8: =A8 -> A64
A9: A64 | B9: 1 | C9: 9FWFP150000 | D9: HEPA | E9: 1FWFP150000 | F9: 114-20200607 | G9: HEPA | H9: HEPA2个组合(回收桶+吸尘器) | J9: =A9 -> A64
A10: A63 | B10: 2 | C10: 9FWRR070000 | D10: Scraper | E10: 1FWRR070000 | F10: 114-24530205 | G10: CL2453B-01Scraper9FWRR070000 | H10: SP;CL2453B-01;刮条组件 | J10: =A10 -> A63
A11: A63 | B11: 1 | C11: 9FWRR100000 | D11: Scraper | E11: 1FWRR100000 | F11: 114-20190112 | G11: SP_CL2019A-01_Scraper | H11: 散备件 CL2019A-01 刮条组件 _ | J11: =A11 -> A63
A12: A62 | B12: 2 | C12: 9FWWC070200 | D12: Clean Water Tank | E12: 1FWWC070200 | F12: 114-24530010 | G12: CL2453-02Clean Water Tank9FWWC070200 | H12: SP;CL2453-02;溶液桶组件（蓝色） | J12: =A12 -> A62
A13: A62 | B13: 1 | C13: 9FWWC120000 | D13: Clean Water Tank | E13: 1FWWC120000 | F13: 114-23470300 | G13: CL2347C-01Clean Water Tank9FWWC120000 | H13: SP;CL2347C-01;溶液桶组件 | J13: =A13 -> A62
A14: A61 | B14: 2 | C14: 9FWBC070200 | D14: Brush Roller Cover | E14: 1FWBC070200 | F14: 114-24530009 | G14: CL2453-02Brush Roller Cover9FWBC070200 | H14: SP;CL2453-02;滚刷盖组件（蓝色） | J14: =A14 -> A61
A15: A61 | B15: 1 | C15: 9FWBC120000 | D15: Brush Roller Cover | E15: 1FWBC120000 | F15: 114-23470100 | G15: CL2347A-01Brush Roller Cover9FWBC120000 | H15: SP;CL2347A-01;滚刷盖组件蓝色 | J15: =A15 -> A61
A16: A60 | B16: 2 | C16: 9FWWD070200 | D16: Dirt Water Tank | E16: 1FWWD070200 | F16: 114-24530008 | G16: CL2453-02Dirt Water Tank9FWWD070200 | H16: SP;CL2453-02;回收桶组件（蓝色） | J16: =A16 -> A60
A17: A60 | B17: 1 | C17: 9FWWD120000 | D17: Dirt Water Tank | E17: 1FWWD120000 | F17: 114-23470000 | G17: CL2347-01Dirt Water Tank9FWWD120000 | H17: SP;CL2347-01;回收桶组件 | J17: =A17 -> A60
A18: A59 | B18: 2 | C18: 9FWFP150000 | D18: HEPA | E18: 1FWFP150000 | F18: 114-20200607 | G18: SP_CL2020F-01_HEPA | H18: HEPA组合（回收桶HEPA+吸尘器HEPA） | I18: 黑色款
A19: A59 | B19: 1 | C19: 9FWFA400100 | D19: HEPA Assy | E19: 1FWFA400100 | F19: 114-23280222 | G19: CL2328B-01HEPA Assy9FWFA400100 | H19: SP;CL2328B-01;回收桶过滤器组件 | I19: 单独水机HEPA，若缺货可用2020组合HEPA（包含1吸尘器+1水机HEPA）替代。但是不能反向替代。
A20: A58 | B20: 1 | C20: 9FWBC200200 | D20: Brush Roller Cover | E20: 1FWBC200200 | F20: 114-21231201 | G20: Brush Roller Cover | H20: 滚刷盖 | J20: =A20 -> A58
A21: A58 | B21: 2 | C21: 9FWBC100000 | D21: Brush Roller Cover | E21: 1FWBC100000 | F21: 114-20190105 | G21: Brush Roller Cover | H21: 滚刷盖 | J21: =A21 -> A58
A22: A58 | B22: 3 | C22: 9FWBC200000 | D22: Brush Roller Cover | E22: 1FWBC200000 | F22: 114-21230202 | G22: Brush Roller Cover | H22: 滚刷盖 | J22: =A22 -> A58
A23: A57 | B23: 2 | C23: 9FWPB100000 | D23: Charging Base | E23: 1FWPB100000 | F23: 114-20190107 | G23: Charging Base | H23: 托盘组件 | J23: =A23 -> A57
A24: A57 | B24: 1 | C24: 9FWPB1001AU | D24: Charging Base | E24: 1FWPB1001AU | F24: 114-20190804 | G24: Charging Base | H24: 托盘组件 | J24: =A24 -> A57
A25: A56 | B25: 2 | C25: 9FWPB160000 | D25: Charging Base | E25: 1FWPB160000 | F25: 114-23310800 | G25: Charging Base | H25: 托盘组件（普通款） | J25: =A25 -> A56
A26: A56 | B26: 1 | C26: 9FWPB130000 | D26: Charging Base | E26: 1FWPB130000 | F26: 114-23710003 | G26: Charging Base | H26: 托盘组件 | J26: =A26 -> A56
A27: A55 | B27: 1 | C27: 9FWWD200000 | D27: Dirt Water Tank | E27: 1FWWD200000 | F27: 114-21230200 | G27: Dirt water tank | H27: 回收桶组件 | J27: =A27 -> A55
A28: A55 | B28: 2 | C28: 9FWWD220000 | D28: Dirt Water Tank | E28: 1FWWD220000 | F28: 114-23350400 | G28: Dirt water tank | H28: 回收桶组件 | J28: =A28 -> A55
A29: A54 | B29: 1 | C29: 9FWWD100100 | D29: Dirt Water Tank | E29: 1FWWD100100 | F29: 114-20190603 | G29: Dirt water tank | H29: 回收桶组件（蓝色） | J29: =A29 -> A54
A30: A54 | B30: 2 | C30: 9FWWD130100 | D30: Dirt Water Tank | E30: 1FWWD130100 | F30: 114-23710101 | G30: Dirt water tank | H30: 回收桶组件（蓝色） | J30: =A30 -> A54
A31: A53 | B31: 1 | C31: 9FWWD100000 | D31: Dirt Water Tank | E31: 1FWWD100000 | F31: 114-20190103 | G31: Dirt water tank | H31: 回收桶组件（旧） | J31: =A31 -> A53
A32: A53 | B32: 2 | C32: 9FWWD130200 | D32: Dirt Water Tank | E32: 1FWWD130200 | F32: 114-23710105 | G32: Dirt water tank | H32: 回收桶组件(新） | J32: =A32 -> A53
A33: A52 | B33: 1 | C33: 9FWBR250000 | D33: Brush Roller | E33: 1FWBR250000 | F33: 114-22200118 | G33: 滚刷组件 | H33: Brush Roller
A34: A52 | B34: 2 | C34: 9FWBR220000 | D34: Brush Roller | E34: 1FWBR220000 | F34: 114-23350408 | G34: 滚刷组件 | H34: Brush Roller
A35: A51 | B35: 1 | C35: 9FWBC220000 | D35: Brush Roller Cover | E35: 1FWBC220000 | F35: 114-23350409 | G35: 滚刷盖超声组件 | H35: Brush Roller Cover | J35: =A35 -> A51
A36: A51 | B36: 2 | C36: 9FWBC250000 | D36: Brush Roller Cover | E36: 1FWBC250000 | F36: 114-22200120 | G36: 滚刷盖组件 | H36: Brush Roller Cover | J36: =A36 -> A51
A37: A50 | B37: 2 | C37: 9FWRM220000 | D37: Motor | E37: 1FWRM220000 | F37: 114-23350407 | G37: 有刷电机齿轮箱组件 | H37: Motor | J37: =A37 -> A50
A38: A50 | B38: 1 | C38: 9FWRM250300 | D38: Motor | E38: 1FWRM250300 | F38: 114-22200704 | G38: 有刷电机齿轮箱组件 | H38: Motor | J38: =A38 -> A50
A39: A49 | B39: 1 | C39: 9VSUT121200 | D39: Tube assembly | E39: 1VSUT121200 | F39: 114-18732320 | G39: Tube Assembly | H39: 加长管组件 灰 | J39: =A39 -> A49
A40: A49 | B40: 2 | C40: 9VSUT121100 | D40: Tube Assembly | E40: 1VSUT121100 | F40: 114-18730211 | G40: Tube Assembly | H40: 加长管组件 黑 | J40: =A40 -> A49
A41: A48 | B41: 2 | C41: 9VSMB121100 | D41: Main body | E41: 1VSMB121100 | F41: 114-18730216 | G41: Main Body | H41: 主体组件黑色_屏显(散件专用），增加ZB1873R-01主机铭牌491-1873-0244及WIFI标贴491-1873-0324，缺少PCB板贴膜-已ECR增加 | J41: =A41 -> A48
A42: A48 | B42: 1 | C42: 9VSMB121200 | D42: Main body | E42: 1VSMB121200 | F42: 114-18732306 | G42: Main Body | H42: 主体组件灰色_屏显(散件专用） | J42: =A42 -> A48
A43: A47 | B43: 2 | C43: 9VSFD111200 | D43: Filter Holder | E43: 1VSFD111200 | F43: 114-19650112 | G43: Filter Holder | H43: 滤网支架包胶组件+滤网上支架组件（直径86.5）蓝色 | J43: =A43 -> A47
A44: A47 | B44: 1 | C44: 9VAFD111100 | D44: Filter holder | E44: 1VAFD111100 | F44: 114-20160004 | G44: Filter Holder | H44: 滤网支架包胶组件+滤网上支架组件（直径86.5）蓝色 | J44: =A44 -> A47
A45: A46 | B45: 1 | C45: 9FWWD021100 | D45: Dirt water tank | E45: 1FWWD021100 | F45: 114-17620206 | G45: Dirt Water Tank | H45: 回收桶组件 362-1762-1205 | J45: =A45 -> A46
A46: A46 | B46: 2 | C46: 9FWWD010300 | D46: Dirt Water Tank | E46: 1FWWD010300 | F46: 114-20410008 | G46: Dirt water tank | H46: 回收桶组件 | J46: =A46 -> A46
... A65: A37 | B65: 6 | C65: 9FWWS100200 | D65: Cleaning Solution | E65: 1FWWS100200 | F65: 206-2019-0600 | G65: Cleaning Solution-1L | H65: 溶液1L通用彩盒 | J65: =A65 -> A37
A66: A37 | B66: 7 | C66: 9FWWS101800 | D66: Cleaning Solution | E66: 1FWWS101800 | F66: 114-20190608 | G66: Cleaning Solution | H66: 溶液1L通用彩盒2024版
A67: A37 | B67: 1 | C67: 9FWWS031200 | D67: Cleaning Solution *2 | E67: 1FWWS031200 | F67: 206-1879-0146 | G67: Cleaning Solution*2-500ml*2 | H67: 道富溶液双瓶500ml
A68: A37 | B68: 3 | C68: 9FWWS0313US | D68: Cleaning Solution *2 | E68: 1FWWS0313US | F68: 206-1879-0401 | G68: Cleaning Solution-美版480ml*2 | H68: 美版新溶液双瓶 | J68: =A68 -> A37
A69: A37 | B69: 5 | C69: 9FWWS031300 | D69: Cleaning Solution | E69: 1FWWS031300 | F69: 114-18790002 | G69: Cleaning Solution | H69: 新溶液单瓶480ml | J69: =A69 -> A37
A70: A37 | B70: 2 | C70: 9FWWS0313EU | D70: Cleaning Solution *2 | E70: 1FWWS0313EU | F70: 206-1879-0001 | G70: Cleaning Solution--欧版480ml*2 | H70: 欧版新溶液双瓶480ml | J70: =A70 -> A37
A71: A37 | B71: 4 | C71: 9FWWS100100 | D71: Cleaning Solution | E71: 1FWWS100100 | F71: 206-2019-0101 | G71: Cleaning Solution--280ml | H71: 溶液280ml通用版 | J71: =A71 -> A37
A72: A36 | B72: 1 | C72: 9VSBP111400 | D72: Carpet Brush | E72: 1VSBP111400 | F72: 206-1965-0504 | G72: Carpet Brush | H72: FB2116地毯刷 | J72: =A72 -> A36
A73: A36 | B73: 2 | C73: 9VABP112000 | D73: Carpet Brush | E73: 1VABP112000 | F73: 206-2016-0603 | G73: Carpet Brush | H73: FB2116地毯刷PTC | J73: =A73 -> A36
A74: A35 | B74: 1 | C74: 9VSDB101100 | D74: Dustbin | E74: 1VSDB101100 | F74: 206-1979-0202 | G74: Dustbin | H74: 尘桶 | J74: =A74 -> A35
A75: A35 | B75: 2 | C75: 9VSDB101200 | D75: Dustbin | E75: 1VSDB101200 | F75: 206-1979-0006 | G75: Dustbin | H75: 尘桶组件带支架 | J75: =A75 -> A35
A76: A34 | B76: 4 | C76: 9VSPA1011JP | D76: Adapter | E76: 1VSPA1011JP | F76: 206-1979-0002 | G76: Adapter | H76: 适配器 | J76: =A76 -> A34
A77: A34 | B77: 1 | C77: 9VAPA1013JP | D77: Adapter | E77: 1VAPA1013JP | F77: 206-1756-0902 | G77: Adapter | H77: 适配器 | J77: =A77 -> A34
A78: A34 | B78: 2 | C78: 9VAPA1011JP | D78: Adapter | E78: 1VAPA1011JP | F78: 206-1756-0309 | G78: Adapter | H78: ZB1756C-01 A10单充适配器 467-1756-0208 | J78: =A78 -> A34
A79: A34 | B79: 3 | C79: 9FWPA0311JP | D79: Adapter | E79: 1FWPA0311JP | F79: 206-1879-1101 | G79: Adapter | H79: 适配器 | J79: =A79 -> A34
... A81: A33 | B81: 2 | C81: 9VSPT111300 | D81: Battery | E81: 1VSPT111300 | F81: 206-1965-0213 | G81: Battery | H81: 电池包组件-2500mah 灰色 | J81: =A81 -> A33
A82: A33 | B82: 3 | C82: 114-19650402 | D82: [EHA]Lithium Battery Tineco S11 Pure One | E82: 114-19650402-A | F82: 114-19650402 | G82: Battery | H82: 电池灰色25P | I82: EHA SKU
A83: A32 | B83: 1 | C83: 9VSPA1211UK | D83: Adapter | E83: 1VSPA1211UK | F83: 206-1873-0702 | G83: Adapter | H83: 双充BS头适配器组件 | J83: =A83 -> A32
A84: A32 | B84: 2 | C84: 9VSPA1111UK | D84: Adapter | E84: 1VSPA1111UK | F84: 206-1965-0118 | G84: Adapter | H84: BS轮充适配器组件 | J84: =A84 -> A32
A85: A31 | B85: 1 | C85: 9VSPA1211US | D85: Adapter | E85: 1VSPA1211US | F85: 206-1873-0217 | G85: Adapter | H85: 双充UL适配器组件 | J85: =A85 -> A31
A86: A31 | B86: 2 | C86: 9VSPA1112US | D86: Adapter | E86: 1VSPA1112US | F86: 206-1965-0114 | G86: Adapter | H86: UL轮充适配器组件 | J86: =A86 -> A31
A87: A30 | B87: 6 | C87: 9VSFD111200 | D87: Filter Holder | E87: 1VSFD111200 | F87: 206-1965-0112 | G87: Filter holder | H87: 滤网支架包胶组件+滤网上支架组件（直径86.5） 低配蓝 | J87: =A87 -> A30
A88: A30 | B88: 2 | C88: 9VAFD1112DE | D88: Filter holder | E88: 1VAFD1112DE | F88: 206-1769-0009 | G88: Filter Holder | H88: 网孔过滤器包胶组件，用206-1965-0112代替 | J88: =A88 -> A30
A89: A30 | B89: 5 | C89: 9VAFD1110JP | D89: Filter holder | E89: 1VAFD1110JP | F89: 206-1769-0312 | G89: Filter Holder | H89: ZB1769B-03 网孔过滤器包胶组件 | J89: =A89 -> A30
A90: A30 | B90: 3 | C90: 9VAFD101100 | D90: Filter holder | E90: 1VAFD101100 | F90: 206-1756-0402 | G90: Filter Holder | H90: 网孔过滤器包胶组件365-1756-2713*1+过滤棉和网孔过滤器清洗提示标贴 | J90: =A90 -> A30
A91: A30 | B91: 7 | C91: 9VAFD111100 | D91: Filter holder | E91: 1VAFD111100 | F91: 206-2016-0004 | G91: Filter holder | H91: 网孔过滤器灰色 | J91: =A91 -> A30
A92: A30 | B92: 1 | C92: 9VAFD1111DE | D92: Filter holder | E92: 1VAFD1111DE | F92: 206-1769-0004 | G92: Filter Holder | H92: 网孔过滤器包胶组件，用206-1965-0112代替 | J92: =A92 -> A30
A93: A30 | B93: 4 | C93: 9VAFD1011JP | D93: Filter holder | E93: 1VAFD1011JP | F93: 206-1756-0318 | G93: Filter Holder | H93: ZB1756C 滤网组件（散件） | J93: =A93 -> A30
A94: A29 | B94: 4 | C94: 9VSAC1112US | D94: HEPA & Cover Assembly | E94: 1VSAC1112US | F94: 206-1965-0108 | G94: HEPA & Cover Assembly | H94: 出风盖板组件（散件专用）蓝色 低配 | J94: =A94 -> A29
... A120: A22 | B120: 2 | C120: 9FWTN031100 | D120: 3-In-1 Cleaning Tool | E120: 1FWTN031100 | F120: 206-1879-0109 | G120: 3-In-1 Cleaning Tool | H120: AB1888清洁刷组件 | J120: =A120 -> A22
A121: A21 | B121: 1 | C121: 9FWBC031100 | D121: Brush Roller Cover | E121: 1FWBC031100 | F121: 206-1879-0118 | G121: Brush Roller Cover | H121: 滚刷盖组件
A122: A21 | B122: 2 | C122: 9FWBC031200 | D122: Brush Roller Cover | E122: 1FWBC031200 | F122: 206-1879-0106 | G122: Brush Roller Cover | H122: 滚刷盖组件
A123: A20 | B123: 2 | C123: 9FWRK050000 | D123: Swich | E123: 1FWRK050000 | F123: 206-1879-0023 | G123: switch | H123: 微动开关 | J123: =A123 -> A20
A124: A20 | B124: 1 | C124: 9CWRK010000 | D124: Switch | E124: 1CWRK010000 | F124: 206-2043-0103 | G124: switch | H124: 常闭微动开关
A125: A19 | B125: 1 | C125: 9VSBM121200 | D125: Mini power brush | E125: 1VSBM121200 | F125: 206-1873-0155 | G125: Mini Power Brush | H125: FB1953小电动刷，不带PTC | J125: =A125 -> A19
A126: A19 | B126: 3 | C126: 9VSBM121300 | D126: Mini power brush | E126: 1VSBM121300 | F126: 206-1873-2318 | G126: Mini Power Brush | H126: FB1953A小电动刷，带PTC | J126: =A126 -> A19
A127: A19 | B127: 2 | C127: 9VSBM121100 | D127: Mini power brush | E127: 1VSBM121100 | F127: 206-1873-0202 | G127: Mini Power Brush | H127: FB1679C 小电动地刷胶袋组件，加小电动铭牌491-1873-0219 | J127: =A127 -> A19
A128: A18 | B128: 2 | C128: 9VSBM1211JP | D128: Mini power brush | E128: 1VSBM1211JP | F128: 206-1873-0502 | G128: Mini Power Brush | H128: FB1679C 小电动地刷胶袋组件，加小电动铭牌491-1873-0241 | J128: =A128 -> A18
A129: A18 | B129: 5 | C129: 9VSBM121300 | D129: Mini power brush | E129: 1VSBM121300 | F129: 206-1873-2318 | G129: Mini Power Brush | H129: FB1953A小电动刷，带PTC | J129: =A129 -> A18
A130: A18 | B130: 4 | C130: 9VSBM121100 | D130: Mini power brush | E130: 1VSBM121100 | F130: 206-1873-0202 | G130: Mini Power Brush | H130: FB1679C 小电动地刷胶袋组件，加小电动铭牌491-1873-0219 | J130: =A130 -> A18
A131: A18 | B131: 1 | C131: 9VABM1011JP | D131: Mini power brush | E131: 1VABM1011JP | F131: 206-1756-0313 | G131: Mini Power Brush | H131: ZB1756C 小电动组件，206-1873-2318 | J131: =A131 -> A18
A132: A18 | B132: 3 | C132: 9VABM101100 | D132: Mini power brush | E132: 1VABM101100 | F132: 206-1756-0224 | G132: Mini Power Brush | H132: FB1679C 小电动地刷组件 369-1679-1001（小电动+铭牌） | J132: =A132 -> A18
A133: A17 | B133: 4 | C133: 9VSPT121200 | D133: Battery | E133: 1VSPT121200 | F133: 206-1873-1802 | G133: Battery | H133: 黑色2500mAH电池 | J133: =A133 -> A17
A134: A17 | B134: 3 | C134: 9VSPT121100 | D134: Battery | E134: 1VSPT121100 | F134: 206-1873-1801 | G134: Battery | H134: 白色2500mAH 电池 | J134: =A134 -> A17
A135: A17 | B135: 2 | C135: 9VSPT1211US | D135: Battery | E135: 1VSPT1211US | F135: 206-1873-0219 | G135: Battery | H135: ZB1873 电池包组件 | J135: =A135 -> A17
A136: A17 | B136: 1 | C136: 9VSPT1211UK | D136: Battery | E136: 1VSPT1211UK | F136: 206-1873-0706 | G136: Battery | H136: 黑色ZB1873 电池包组件 | J136: =A136 -> A17
... A182: A01 | B182: 3 | C182: 9VAAD101100 | D182: Dustbin Assembly | E182: 1VAAD101100 | F182: 206-1756-0236 | G182: Dustbin Assembly | H182: 新开模尘桶组件+网孔过滤器包胶组件（散件8433灰）(带清洗标贴,散件专用) | J182: =A182 -> A01
